construction_name,model_name,condition,subject_number,attractor_number,grammaticality,surprisal,entropy,norm_entropy,attn_subject,attn_attractor
ORC,BLOOM-560m,a,singular,singular,grammatical,8.28448224067688,0.7052324786782265,0.2753760693594813,0.12057776609435673,0.04126873829712466
ORC,BLOOM-560m,b,singular,plural,grammatical,8.627876917521158,0.6974362346033255,0.2670526796331008,0.1203056544375916,0.04087806906318288
ORC,BLOOM-560m,c,singular,singular,ungrammatical,10.484212239583334,0.6870525100578865,0.2674978257467349,0.12311060292025404,0.0373764595521303
ORC,BLOOM-560m,d,singular,plural,ungrammatical,9.9403076171875,0.7401418474813303,0.283152357985576,0.12434159265831109,0.04913063840164488
ORC,BLOOM-560m,e,plural,singular,grammatical,7.617988586425781,0.7203675024211407,0.2782136375705401,0.11155350304519131,0.04069218825316053
ORC,BLOOM-560m,f,plural,plural,grammatical,7.427377700805664,0.7907446647683779,0.3001320250332355,0.11163017138217883,0.05213297573694334
ORC,BLOOM-560m,g,plural,singular,ungrammatical,11.81231689453125,0.7070880395670732,0.27369806046287215,0.11771214582646883,0.03955501430512712
ORC,BLOOM-560m,h,plural,plural,ungrammatical,12.530344645182291,0.7380457917849222,0.2803458006431659,0.11664833780378099,0.04173295260018975
ORC,GPT-2,a,singular,singular,grammatical,8.591880352144168,1.2041089882453282,0.4940425766011079,0.1928070431264738,0.042392545418503326
ORC,GPT-2,b,singular,plural,grammatical,8.45663749462498,1.218935489654541,0.4926008389641841,0.2046791406658788,0.04953732089294737
ORC,GPT-2,c,singular,singular,ungrammatical,11.894702196121216,1.2329124808311462,0.5059175491333008,0.19597349812587098,0.04234764270950103
ORC,GPT-2,d,singular,plural,ungrammatical,10.88137267033259,1.2809545968969662,0.5179409657915434,0.18539726252978042,0.05828419331616406
ORC,GPT-2,e,plural,singular,grammatical,8.27343342701594,1.1750772756834824,0.4781667689482371,0.21155725124602512,0.038326040375977706
ORC,GPT-2,f,plural,plural,grammatical,7.724405571818352,1.244699664413929,0.49909684744973976,0.1937577283630768,0.04918230495726064
ORC,GPT-2,g,plural,singular,ungrammatical,12.143120287025036,1.239371272424857,0.504580228899916,0.1789720865587393,0.050389176506238635
ORC,GPT-2,h,plural,plural,ungrammatical,12.784365500013033,1.272512877980868,0.5104659926146269,0.18201888368154562,0.05245626682881261
ORC,GPT-2-large,a,singular,singular,grammatical,7.90582542247527,1.1937235668301582,0.49059122366209823,0.13879854340727127,0.05288469380078212
ORC,GPT-2-large,b,singular,plural,grammatical,7.762469964790701,1.1296375220020611,0.457360103726387,0.138728892042612,0.0626549189522241
ORC,GPT-2-large,c,singular,singular,ungrammatical,11.022207250197729,1.1682316834727924,0.4793556829293569,0.14297555681938923,0.04760066229694828
ORC,GPT-2-large,d,singular,plural,ungrammatical,10.373534550269445,1.1673600400487583,0.47207369841635227,0.13825851834068692,0.06290294253267344
ORC,GPT-2-large,e,plural,singular,grammatical,7.49275482694308,1.2260564689834912,0.498840040837725,0.14658191008493301,0.056088722621401105
ORC,GPT-2-large,f,plural,plural,grammatical,6.7653060257434845,1.1889411186178525,0.47676382524271804,0.13768068126713232,0.06564576310726498
ORC,GPT-2-large,g,plural,singular,ungrammatical,12.07105223275721,1.1841150037944317,0.4827131697287162,0.1468125365208834,0.05357739674703524
ORC,GPT-2-large,h,plural,plural,ungrammatical,12.285017341375351,1.137958936393261,0.45694711059331894,0.14315905282273886,0.0622094198285291
PP,BLOOM-560m,a,singular,singular,grammatical,3.6105550130208335,0.8033675129214922,0.28664923273026943,0.17107596186300114,0.0616773893901457
PP,BLOOM-560m,b,singular,plural,grammatical,3.5927734375,0.7741841524839401,0.2748512116571267,0.16971701228370265,0.07068610641484455
PP,BLOOM-560m,c,singular,singular,ungrammatical,7.912272135416667,0.8001573160290718,0.2857615898052851,0.1568229213977853,0.05973578034900124
PP,BLOOM-560m,d,singular,plural,ungrammatical,6.602864583333333,0.8564716105659803,0.3045056735475858,0.1614679008101423,0.05696152018693582
PP,BLOOM-560m,e,plural,singular,grammatical,3.7119954427083335,0.8189194053411484,0.28826298564672465,0.16801793749133742,0.060609888751059736
PP,BLOOM-560m,f,plural,plural,grammatical,3.6476236979166665,0.8381418834129969,0.29389737918972964,0.16479691769927737,0.05819341912865634
PP,BLOOM-560m,g,plural,singular,ungrammatical,7.44091796875,0.8285772874951363,0.2918622096379598,0.15332445595413444,0.04665997197541092
PP,BLOOM-560m,h,plural,plural,ungrammatical,7.501627604166667,0.7923547526200613,0.27776182442903513,0.1429987549781799,0.058866917698954496
PP,GPT-2,a,singular,singular,grammatical,4.0184751351674395,1.25437027712663,0.47103071212768555,0.10090657044202084,0.03652777386984473
PP,GPT-2,b,singular,plural,grammatical,4.061931848526001,1.2451646675666173,0.4649879497786363,0.10156397211054957,0.04292368454237774
PP,GPT-2,c,singular,singular,ungrammatical,8.529850800832113,1.2847115099430084,0.48212142412861186,0.08870563982054586,0.03978311945684249
PP,GPT-2,d,singular,plural,ungrammatical,6.982512394587199,1.3232671072085698,0.4940285086631775,0.0765096321702003,0.049129688569034095
PP,GPT-2,e,plural,singular,grammatical,4.259567697842916,1.1839222858349483,0.4429289524753888,0.11104881918678677,0.03592675039544698
PP,GPT-2,f,plural,plural,grammatical,4.197950293620427,1.21035498380661,0.4504601222773393,0.10680167935788626,0.03468548898429916
PP,GPT-2,g,plural,singular,ungrammatical,7.1977883378664655,1.320296640197436,0.49440499022603035,0.08759527777632074,0.03766300451631343
PP,GPT-2,h,plural,plural,ungrammatical,7.3100228905677795,1.3182929307222366,0.49087607612212497,0.08331547242899731,0.04055369862665728
PP,GPT-2-large,a,singular,singular,grammatical,3.714175283908844,1.0224271242817242,0.3836013736824195,0.047158440885444436,0.04013281594961876
PP,GPT-2-large,b,singular,plural,grammatical,3.767448981602987,1.0269072701533635,0.38304821650187176,0.04577089644347623,0.04319755888233578
PP,GPT-2-large,c,singular,singular,ungrammatical,8.651353120803833,0.9774435460567474,0.3664127600689729,0.04868325280646479,0.0313149273861199
PP,GPT-2-large,d,singular,plural,ungrammatical,7.3547996282577515,1.0297855585813522,0.3838014292220275,0.04576528118923301,0.0460173820611089
PP,GPT-2-large,e,plural,singular,grammatical,3.769588087995847,1.0149557068943977,0.3796399496495724,0.04429859000568584,0.035095329784477707
PP,GPT-2-large,f,plural,plural,grammatical,3.716311683257421,1.0304253896077473,0.38320644199848175,0.0420081751265873,0.03901301037209725
PP,GPT-2-large,g,plural,singular,ungrammatical,7.247067391872406,1.041554334263007,0.389881191154321,0.05319867026992139,0.04107907957707838
PP,GPT-2-large,h,plural,plural,ungrammatical,7.2929277420043945,1.035645455121994,0.38560709605614346,0.05256986610280966,0.03707362315617496
