construction,metric,model_a,model_b,profile_pearson,profile_spearman,focal_pearson
ORC,surprisal,GPT-2,GPT-2-large,0.9002503197951004,0.9005741158319487,0.4021447493798981
ORC,surprisal,GPT-2,BLOOM-560m,0.8253593157532962,0.8418142058295318,0.4955713962574887
ORC,surprisal,GPT-2-large,BLOOM-560m,0.7731449169129485,0.7909751715032852,0.24010479598055023
ORC,entropy,GPT-2,GPT-2-large,0.3461977309092791,0.35006469141506247,0.39209542641655787
ORC,entropy,GPT-2,BLOOM-560m,0.4040332292486589,0.38048287105349005,-0.04215038586560104
ORC,entropy,GPT-2-large,BLOOM-560m,0.2482722643714162,0.24691401326392745,-0.10485422017544893
ORC,norm_entropy,GPT-2,GPT-2-large,0.28975566116520945,0.24662727819986438,0.1751929722758085
ORC,norm_entropy,GPT-2,BLOOM-560m,0.13817577994335756,0.06820414183589307,-0.06476988995209024
ORC,norm_entropy,GPT-2-large,BLOOM-560m,0.052829646626320836,-0.03970872182023647,-0.06676720205384196
PP,surprisal,GPT-2,GPT-2-large,0.9524879456037866,0.9469878333288122,0.7683732161964658
PP,surprisal,GPT-2,BLOOM-560m,0.9280095619474941,0.9134669224043855,0.601220330356346
PP,surprisal,GPT-2-large,BLOOM-560m,0.9431522263988865,0.928192096985086,0.6096039071264442
PP,entropy,GPT-2,GPT-2-large,0.4100479103292959,0.3903914494208285,0.14105244065805142
PP,entropy,GPT-2,BLOOM-560m,0.1327970885677765,0.07933259637034426,0.00831539398506587
PP,entropy,GPT-2-large,BLOOM-560m,0.35705785309641863,0.35356590619320194,0.15450490519201507
PP,norm_entropy,GPT-2,GPT-2-large,0.27402339512205753,0.26802620513794323,-0.08069351390241306
PP,norm_entropy,GPT-2,BLOOM-560m,-0.21717750867646088,-0.2493709817432114,0.20112544457420017
PP,norm_entropy,GPT-2-large,BLOOM-560m,0.04824060930524181,0.0305116241217481,0.2996069803022449
