construction,model,metric,term,coef,se,z,p,converged,p_fdr
ORC,BLOOM-560m,entropy,A:G,-0.0608855814983449,0.0157025298207748,-3.877437724575548,0.0001055623360286,True,0.0002570039541883
ORC,BLOOM-560m,entropy,S:A:G,0.1003049916277334,0.0222067306361078,4.516873432266478,6.27593914651666e-06,True,1.8827817439549983e-05
ORC,BLOOM-560m,norm_entropy,A:G,-0.0239779219652216,0.0054248067022802,-4.420050940274573,9.867763764146658e-06,True,2.9603291292439972e-05
ORC,BLOOM-560m,norm_entropy,S:A:G,0.0392485692476233,0.0076718352116172,5.115929652424044,3.121994107332968e-07,True,9.365982321998904e-07
ORC,BLOOM-560m,surprisal,A:G,0.8872992992401155,0.2923607115576083,3.0349471189642983,0.0024057786460644,True,0.0028869343752773
ORC,BLOOM-560m,surprisal,S:A:G,-1.795937935511281,0.4134604833898192,-4.343674928222906,1.4011880755285016e-05,True,1.6814256906342017e-05
ORC,GPT-2,entropy,A:G,-0.0332156146566071,0.0121451898015136,-2.734878186297879,0.006240336469943,True,0.006240336469943
ORC,GPT-2,entropy,S:A:G,0.0696963978310422,0.0171758921348959,4.057803651982731,4.9536387414605816e-05,True,7.430458112190873e-05
ORC,GPT-2,norm_entropy,A:G,-0.0134651542951661,0.0045530522264387,-2.9573906965038304,0.0031025472542152,True,0.0031025472542152
ORC,GPT-2,norm_entropy,S:A:G,0.0285094690819577,0.0064389882088227,4.427631819995256,9.527334744165211e-06,True,1.4291002116247818e-05
ORC,GPT-2,surprisal,A:G,0.8780866682694297,0.2766757964495364,3.1737025050168644,0.001505078691711,True,0.0022576180375665
ORC,GPT-2,surprisal,S:A:G,-2.068359736455008,0.3912786637193117,-5.28615518360789,1.2491393763791368e-07,True,3.7474181291374107e-07
ORC,GPT-2-large,entropy,A:G,-0.0632144014040629,0.0227653390082232,-2.776782782862525,0.0054899855186173,True,0.006240336469943
ORC,GPT-2-large,entropy,S:A:G,0.0722551184395951,0.0321950511774506,2.2442927032898305,0.0248135747265744,True,0.0248135747265744
ORC,GPT-2-large,norm_entropy,A:G,-0.0259491354227067,0.008443400222997,-3.07330396965309,0.0021170272589585,True,0.0025404327107502
ORC,GPT-2-large,norm_entropy,S:A:G,0.0296389789630971,0.0119407711079065,2.482166243306668,0.01305863360755,True,0.01305863360755
ORC,GPT-2-large,surprisal,A:G,0.5053172422437253,0.2678021321821573,1.8869052241152875,0.0591730743409364,True,0.0591730743409364
ORC,GPT-2-large,surprisal,S:A:G,-1.4467311520614676,0.3787294073644404,-3.819959907864561,0.0001334733677333,True,0.0001334733677333
PP,BLOOM-560m,entropy,A:G,-0.0854976549744604,0.0172461738228481,-4.957485402425383,7.141140586557931e-07,True,4.284684351934759e-06
PP,BLOOM-560m,entropy,S:A:G,0.1409426679213837,0.0243897729193156,5.778760974431341,7.525274654615923e-09,True,4.515164792769555e-08
PP,BLOOM-560m,norm_entropy,A:G,-0.0305421048154434,0.0051523729081756,-5.92777451472505,3.070677458567231e-09,True,1.8424064751403388e-08
PP,BLOOM-560m,norm_entropy,S:A:G,0.050276883567373,0.0072865556451457,6.899951913613312,5.202014504590248e-12,True,3.1212087027541487e-11
PP,BLOOM-560m,surprisal,A:G,1.2916259765624991,0.2276939205938465,5.672641470592719,1.4061231441790844e-08,True,2.8122462883581688e-08
PP,BLOOM-560m,surprisal,S:A:G,-1.4167073567708284,0.3220078305737197,-4.399605296078323,1.0844794704862457e-05,True,1.6267192057293685e-05
PP,GPT-2,entropy,A:G,-0.0477612068255743,0.0124725292974613,-3.829312057442574,0.0001285019770941,True,0.0002570039541883
PP,GPT-2,entropy,S:A:G,0.0761976142724357,0.0176388200895655,4.319881595567227,1.5611294027479457e-05,True,3.1222588054958915e-05
PP,GPT-2,norm_entropy,A:G,-0.0179498468836148,0.0044813473512039,-4.005457617292829,6.189753194109215e-05,True,0.0001237950638821
PP,GPT-2,norm_entropy,S:A:G,0.0290099307894707,0.0063375822017773,4.577444499470939,4.706906135775826e-06,True,9.413812271551652e-06
PP,GPT-2,surprisal,A:G,1.5907951196034773,0.2109869452450734,7.53977985583742,4.7076549249378177e-14,True,2.8245929549626914e-13
PP,GPT-2,surprisal,S:A:G,-1.7646470765272817,0.2983805994492525,-5.9140811426227,3.337333422877485e-09,True,2.0024000537264916e-08
PP,GPT-2-large,entropy,A:G,-0.0478618666529655,0.0160372765350415,-2.984413628360593,0.0028412240330136,True,0.0042618360495204
PP,GPT-2-large,entropy,S:A:G,0.0692404285073279,0.0226801339793835,3.0529109118256605,0.0022663320984197,True,0.0027195985181036
PP,GPT-2-large,norm_entropy,A:G,-0.0179418263336022,0.0058113842468876,-3.087358462523151,0.0020194391443858,True,0.0025404327107502
PP,GPT-2-large,norm_entropy,S:A:G,0.0257824137806891,0.0082185384181098,3.137104490973323,0.0017062530644551,True,0.0020475036773462
PP,GPT-2-large,surprisal,A:G,1.349827190240222,0.2053557965380943,6.573114628346144,4.9273494672757517e-11,True,1.4782048401827258e-10
PP,GPT-2-large,surprisal,S:A:G,-1.448963945110633,0.2904169525761026,-4.989254009649929,6.061290377713433e-07,True,1.212258075542687e-06
