construction,model,metric,subset,n_items,mean_effect,p
ORC,GPT-2,entropy,all items,48,0.04804211606582007,5.896243367069982e-12
ORC,GPT-2,entropy,context length unchanged,41,0.03973016215533746,2.2518913655478606e-11
ORC,GPT-2,entropy,distinct verb subtoken,45,0.04868323008219402,4.2993988842069133e-11
ORC,GPT-2,norm_entropy,all items,48,0.012023416658242558,1.00901736250202e-05
ORC,GPT-2,norm_entropy,context length unchanged,41,0.016405941509619007,2.2463605733505778e-11
ORC,GPT-2,norm_entropy,distinct verb subtoken,45,0.011769622564315806,4.2371305643013867e-05
ORC,GPT-2-large,entropy,all items,48,-0.0008716434240341117,0.9202525857379282
ORC,GPT-2-large,entropy,context length unchanged,41,-0.015020954899671587,0.046683739053510455
ORC,GPT-2-large,entropy,distinct verb subtoken,45,-0.0038114945093790666,0.6763710196238054
ORC,GPT-2-large,norm_entropy,all items,48,-0.007281984513004616,0.01736647339837413
ORC,GPT-2-large,norm_entropy,context length unchanged,41,-0.006237187763539752,0.04626645882450988
ORC,GPT-2-large,norm_entropy,distinct verb subtoken,45,-0.008968185053931337,0.004345147166074721
ORC,BLOOM-560m,entropy,all items,48,0.053089337423443794,1.0094128555680617e-09
ORC,BLOOM-560m,entropy,context length unchanged,35,0.04076137031827654,5.063608777463885e-06
ORC,BLOOM-560m,entropy,distinct verb subtoken,38,0.05997293011138314,3.033334067136741e-10
ORC,BLOOM-560m,norm_entropy,all items,48,0.015654532238841057,1.0901889138510869e-08
ORC,BLOOM-560m,norm_entropy,context length unchanged,35,0.015606561728886196,4.6853157955670145e-06
ORC,BLOOM-560m,norm_entropy,distinct verb subtoken,38,0.01777211419845882,1.233296838301785e-09
PP,GPT-2,entropy,all items,24,0.03855559726556145,2.5660111527390526e-06
PP,GPT-2,entropy,context length unchanged,22,0.037103885954076626,1.703555607882381e-05
PP,GPT-2,entropy,distinct verb subtoken,24,0.03855559726556145,2.5660111527390526e-06
PP,GPT-2,norm_entropy,all items,24,0.011907084534565605,0.0003374122067264386
PP,GPT-2,norm_entropy,context length unchanged,22,0.014235524968667462,1.4917880322317053e-05
PP,GPT-2,norm_entropy,distinct verb subtoken,24,0.011907084534565605,0.0003374122067264386
PP,GPT-2-large,entropy,all items,24,0.0523420125246048,0.00018973797187655053
PP,GPT-2-large,entropy,context length unchanged,22,0.04185179146853361,0.0004569250392599128
PP,GPT-2-large,entropy,distinct verb subtoken,24,0.0523420125246048,0.00018973797187655053
PP,GPT-2-large,norm_entropy,all items,24,0.01738866915305455,7.696429669945802e-05
PP,GPT-2-large,norm_entropy,context length unchanged,22,0.015982244502414353,0.00038867115733853477
PP,GPT-2-large,norm_entropy,distinct verb subtoken,24,0.01738866915305455,7.696429669945802e-05
PP,BLOOM-560m,entropy,all items,24,0.056314294536908484,7.133821965985391e-06
PP,BLOOM-560m,entropy,context length unchanged,20,0.054091915488243124,9.960741405961332e-07
PP,BLOOM-560m,entropy,distinct verb subtoken,24,0.056314294536908484,7.133821965985391e-06
PP,BLOOM-560m,norm_entropy,all items,24,0.018744083742300677,7.628828357115432e-07
PP,BLOOM-560m,norm_entropy,context length unchanged,20,0.019795816391706474,1.343886411867611e-06
PP,BLOOM-560m,norm_entropy,distinct verb subtoken,24,0.018744083742300677,7.628828357115432e-07
