construction,model,metric,focal_effect_z
ORC,GPT-2,surprisal,-0.3611538804196175
ORC,GPT-2,entropy,0.4988713480775937
ORC,GPT-2,norm_entropy,0.35913476638573655
ORC,GPT-2-large,surprisal,-0.23315172257889963
ORC,GPT-2-large,entropy,-0.007499733122205784
ORC,GPT-2-large,norm_entropy,-0.15336008475345794
ORC,BLOOM-560m,surprisal,-0.19976293988325136
ORC,BLOOM-560m,entropy,0.472508061821284
ORC,BLOOM-560m,norm_entropy,0.45253652036503395
PP,GPT-2,surprisal,-0.7354410829656223
PP,GPT-2,entropy,0.4298853870235506
PP,GPT-2,norm_entropy,0.365881351646951
PP,GPT-2-large,surprisal,-0.5738908684545029
PP,GPT-2-large,entropy,0.6356970016653909
PP,GPT-2-large,norm_entropy,0.6791505850377507
PP,BLOOM-560m,surprisal,-0.6013899033544042
PP,BLOOM-560m,entropy,0.6610109258104727
PP,BLOOM-560m,norm_entropy,0.8313677303622232
