item_id,construction,condition,subject_number,attractor_number,grammaticality,subject,attractor,prefix,target_verb,correct_verb,incorrect_verb,sentence,source,source_template
1,PP,a,singular,singular,grammatical,slogan,poster,The slogan on the poster unsurprisingly,was,was,were,The slogan on the poster unsurprisingly was designed to get attention.,wagers2009_exp4_base_item,"Wagers, Lau & Phillips (2009), Exp. 4, base item from Appendix A; plural-subject conditions e-h reconstructed by pluralizing the head noun"
1,PP,b,singular,plural,grammatical,slogan,posters,The slogan on the posters unsurprisingly,was,was,were,The slogan on the posters unsurprisingly was designed to get attention.,wagers2009_exp4_base_item,"Wagers, Lau & Phillips (2009), Exp. 4, base item from Appendix A; plural-subject conditions e-h reconstructed by pluralizing the head noun"
1,PP,c,singular,singular,ungrammatical,slogan,poster,The slogan on the poster unsurprisingly,were,was,were,The slogan on the poster unsurprisingly were designed to get attention.,wagers2009_exp4_base_item,"Wagers, Lau & Phillips (2009), Exp. 4, base item from Appendix A; plural-subject conditions e-h reconstructed by pluralizing the head noun"
1,PP,d,singular,plural,ungrammatical,slogan,posters,The slogan on the posters unsurprisingly,were,was,were,The slogan on the posters unsurprisingly were designed to get attention.,wagers2009_exp4_base_item,"Wagers, Lau & Phillips (2009), Exp. 4, base item from Appendix A; plural-subject conditions e-h reconstructed by pluralizing the head noun"
1,PP,e,plural,singular,grammatical,slogans,poster,The slogans on the poster unsurprisingly,were,were,was,The slogans on the poster unsurprisingly were designed to get attention.,reconstructed_plural_subject,"Wagers, Lau & Phillips (2009), Exp. 4, base item from Appendix A; plural-subject conditions e-h reconstructed by pluralizing the head noun"
1,PP,f,plural,plural,grammatical,slogans,posters,The slogans on the posters unsurprisingly,were,were,was,The slogans on the posters unsurprisingly were designed to get attention.,reconstructed_plural_subject,"Wagers, Lau & Phillips (2009), Exp. 4, base item from Appendix A; plural-subject conditions e-h reconstructed by pluralizing the head noun"
1,PP,g,plural,singular,ungrammatical,slogans,poster,The slogans on the poster unsurprisingly,was,were,was,The slogans on the poster unsurprisingly was designed to get attention.,reconstructed_plural_subject,"Wagers, Lau & Phillips (2009), Exp. 4, base item from Appendix A; plural-subject conditions e-h reconstructed by pluralizing the head noun"
1,PP,h,plural,plural,ungrammatical,slogans,posters,The slogans on the posters unsurprisingly,was,were,was,The slogans on the posters unsurprisingly was designed to get attention.,reconstructed_plural_subject,"Wagers, Lau & Phillips (2009), Exp. 4, base item from Appendix A; plural-subject conditions e-h reconstructed by pluralizing the head noun"
2,PP,a,singular,singular,grammatical,picture,flier,The picture on the flier definitely,was,was,were,The picture on the flier definitely was of a village church in the south of France.,wagers2009_exp4_base_item,"Wagers, Lau & Phillips (2009), Exp. 4, base item from Appendix A; plural-subject conditions e-h reconstructed by pluralizing the head noun"
2,PP,b,singular,plural,grammatical,picture,fliers,The picture on the fliers definitely,was,was,were,The picture on the fliers definitely was of a village church in the south of France.,wagers2009_exp4_base_item,"Wagers, Lau & Phillips (2009), Exp. 4, base item from Appendix A; plural-subject conditions e-h reconstructed by pluralizing the head noun"
2,PP,c,singular,singular,ungrammatical,picture,flier,The picture on the flier definitely,were,was,were,The picture on the flier definitely were of a village church in the south of France.,wagers2009_exp4_base_item,"Wagers, Lau & Phillips (2009), Exp. 4, base item from Appendix A; plural-subject conditions e-h reconstructed by pluralizing the head noun"
2,PP,d,singular,plural,ungrammatical,picture,fliers,The picture on the fliers definitely,were,was,were,The picture on the fliers definitely were of a village church in the south of France.,wagers2009_exp4_base_item,"Wagers, Lau & Phillips (2009), Exp. 4, base item from Appendix A; plural-subject conditions e-h reconstructed by pluralizing the head noun"
2,PP,e,plural,singular,grammatical,pictures,flier,The pictures on the flier definitely,were,were,was,The pictures on the flier definitely were of a village church in the south of France.,reconstructed_plural_subject,"Wagers, Lau & Phillips (2009), Exp. 4, base item from Appendix A; plural-subject conditions e-h reconstructed by pluralizing the head noun"
2,PP,f,plural,plural,grammatical,pictures,fliers,The pictures on the fliers definitely,were,were,was,The pictures on the fliers definitely were of a village church in the south of France.,reconstructed_plural_subject,"Wagers, Lau & Phillips (2009), Exp. 4, base item from Appendix A; plural-subject conditions e-h reconstructed by pluralizing the head noun"
2,PP,g,plural,singular,ungrammatical,pictures,flier,The pictures on the flier definitely,was,were,was,The pictures on the flier definitely was of a village church in the south of France.,reconstructed_plural_subject,"Wagers, Lau & Phillips (2009), Exp. 4, base item from Appendix A; plural-subject conditions e-h reconstructed by pluralizing the head noun"
2,PP,h,plural,plural,ungrammatical,pictures,fliers,The pictures on the fliers definitely,was,were,was,The pictures on the fliers definitely was of a village church in the south of France.,reconstructed_plural_subject,"Wagers, Lau & Phillips (2009), Exp. 4, base item from Appendix A; plural-subject conditions e-h reconstructed by pluralizing the head noun"
3,PP,a,singular,singular,grammatical,mistake,program,The mistake in the program certainly,was,was,were,The mistake in the program certainly was disastrous for the small software company.,wagers2009_exp4_base_item,"Wagers, Lau & Phillips (2009), Exp. 4, base item from Appendix A; plural-subject conditions e-h reconstructed by pluralizing the head noun"
3,PP,b,singular,plural,grammatical,mistake,programs,The mistake in the programs certainly,was,was,were,The mistake in the programs certainly was disastrous for the small software company.,wagers2009_exp4_base_item,"Wagers, Lau & Phillips (2009), Exp. 4, base item from Appendix A; plural-subject conditions e-h reconstructed by pluralizing the head noun"
3,PP,c,singular,singular,ungrammatical,mistake,program,The mistake in the program certainly,were,was,were,The mistake in the program certainly were disastrous for the small software company.,wagers2009_exp4_base_item,"Wagers, Lau & Phillips (2009), Exp. 4, base item from Appendix A; plural-subject conditions e-h reconstructed by pluralizing the head noun"
3,PP,d,singular,plural,ungrammatical,mistake,programs,The mistake in the programs certainly,were,was,were,The mistake in the programs certainly were disastrous for the small software company.,wagers2009_exp4_base_item,"Wagers, Lau & Phillips (2009), Exp. 4, base item from Appendix A; plural-subject conditions e-h reconstructed by pluralizing the head noun"
3,PP,e,plural,singular,grammatical,mistakes,program,The mistakes in the program certainly,were,were,was,The mistakes in the program certainly were disastrous for the small software company.,reconstructed_plural_subject,"Wagers, Lau & Phillips (2009), Exp. 4, base item from Appendix A; plural-subject conditions e-h reconstructed by pluralizing the head noun"
3,PP,f,plural,plural,grammatical,mistakes,programs,The mistakes in the programs certainly,were,were,was,The mistakes in the programs certainly were disastrous for the small software company.,reconstructed_plural_subject,"Wagers, Lau & Phillips (2009), Exp. 4, base item from Appendix A; plural-subject conditions e-h reconstructed by pluralizing the head noun"
3,PP,g,plural,singular,ungrammatical,mistakes,program,The mistakes in the program certainly,was,were,was,The mistakes in the program certainly was disastrous for the small software company.,reconstructed_plural_subject,"Wagers, Lau & Phillips (2009), Exp. 4, base item from Appendix A; plural-subject conditions e-h reconstructed by pluralizing the head noun"
3,PP,h,plural,plural,ungrammatical,mistakes,programs,The mistakes in the programs certainly,was,were,was,The mistakes in the programs certainly was disastrous for the small software company.,reconstructed_plural_subject,"Wagers, Lau & Phillips (2009), Exp. 4, base item from Appendix A; plural-subject conditions e-h reconstructed by pluralizing the head noun"
4,PP,a,singular,singular,grammatical,label,container,The label on the container probably,was,was,were,The label on the container probably was a warning about the hazardous chemicals inside.,wagers2009_exp4_base_item,"Wagers, Lau & Phillips (2009), Exp. 4, base item from Appendix A; plural-subject conditions e-h reconstructed by pluralizing the head noun"
4,PP,b,singular,plural,grammatical,label,containers,The label on the containers probably,was,was,were,The label on the containers probably was a warning about the hazardous chemicals inside.,wagers2009_exp4_base_item,"Wagers, Lau & Phillips (2009), Exp. 4, base item from Appendix A; plural-subject conditions e-h reconstructed by pluralizing the head noun"
4,PP,c,singular,singular,ungrammatical,label,container,The label on the container probably,were,was,were,The label on the container probably were a warning about the hazardous chemicals inside.,wagers2009_exp4_base_item,"Wagers, Lau & Phillips (2009), Exp. 4, base item from Appendix A; plural-subject conditions e-h reconstructed by pluralizing the head noun"
4,PP,d,singular,plural,ungrammatical,label,containers,The label on the containers probably,were,was,were,The label on the containers probably were a warning about the hazardous chemicals inside.,wagers2009_exp4_base_item,"Wagers, Lau & Phillips (2009), Exp. 4, base item from Appendix A; plural-subject conditions e-h reconstructed by pluralizing the head noun"
4,PP,e,plural,singular,grammatical,labels,container,The labels on the container probably,were,were,was,The labels on the container probably were a warning about the hazardous chemicals inside.,reconstructed_plural_subject,"Wagers, Lau & Phillips (2009), Exp. 4, base item from Appendix A; plural-subject conditions e-h reconstructed by pluralizing the head noun"
4,PP,f,plural,plural,grammatical,labels,containers,The labels on the containers probably,were,were,was,The labels on the containers probably were a warning about the hazardous chemicals inside.,reconstructed_plural_subject,"Wagers, Lau & Phillips (2009), Exp. 4, base item from Appendix A; plural-subject conditions e-h reconstructed by pluralizing the head noun"
4,PP,g,plural,singular,ungrammatical,labels,container,The labels on the container probably,was,were,was,The labels on the container probably was a warning about the hazardous chemicals inside.,reconstructed_plural_subject,"Wagers, Lau & Phillips (2009), Exp. 4, base item from Appendix A; plural-subject conditions e-h reconstructed by pluralizing the head noun"
4,PP,h,plural,plural,ungrammatical,labels,containers,The labels on the containers probably,was,were,was,The labels on the containers probably was a warning about the hazardous chemicals inside.,reconstructed_plural_subject,"Wagers, Lau & Phillips (2009), Exp. 4, base item from Appendix A; plural-subject conditions e-h reconstructed by pluralizing the head noun"
5,PP,a,singular,singular,grammatical,problem,store,The problem in the store ultimately,was,was,were,The problem in the store ultimately was solved by firing the custodian.,wagers2009_exp4_base_item,"Wagers, Lau & Phillips (2009), Exp. 4, base item from Appendix A; plural-subject conditions e-h reconstructed by pluralizing the head noun"
5,PP,b,singular,plural,grammatical,problem,stores,The problem in the stores ultimately,was,was,were,The problem in the stores ultimately was solved by firing the custodian.,wagers2009_exp4_base_item,"Wagers, Lau & Phillips (2009), Exp. 4, base item from Appendix A; plural-subject conditions e-h reconstructed by pluralizing the head noun"
5,PP,c,singular,singular,ungrammatical,problem,store,The problem in the store ultimately,were,was,were,The problem in the store ultimately were solved by firing the custodian.,wagers2009_exp4_base_item,"Wagers, Lau & Phillips (2009), Exp. 4, base item from Appendix A; plural-subject conditions e-h reconstructed by pluralizing the head noun"
5,PP,d,singular,plural,ungrammatical,problem,stores,The problem in the stores ultimately,were,was,were,The problem in the stores ultimately were solved by firing the custodian.,wagers2009_exp4_base_item,"Wagers, Lau & Phillips (2009), Exp. 4, base item from Appendix A; plural-subject conditions e-h reconstructed by pluralizing the head noun"
5,PP,e,plural,singular,grammatical,problems,store,The problems in the store ultimately,were,were,was,The problems in the store ultimately were solved by firing the custodian.,reconstructed_plural_subject,"Wagers, Lau & Phillips (2009), Exp. 4, base item from Appendix A; plural-subject conditions e-h reconstructed by pluralizing the head noun"
5,PP,f,plural,plural,grammatical,problems,stores,The problems in the stores ultimately,were,were,was,The problems in the stores ultimately were solved by firing the custodian.,reconstructed_plural_subject,"Wagers, Lau & Phillips (2009), Exp. 4, base item from Appendix A; plural-subject conditions e-h reconstructed by pluralizing the head noun"
5,PP,g,plural,singular,ungrammatical,problems,store,The problems in the store ultimately,was,were,was,The problems in the store ultimately was solved by firing the custodian.,reconstructed_plural_subject,"Wagers, Lau & Phillips (2009), Exp. 4, base item from Appendix A; plural-subject conditions e-h reconstructed by pluralizing the head noun"
5,PP,h,plural,plural,ungrammatical,problems,stores,The problems in the stores ultimately,was,were,was,The problems in the stores ultimately was solved by firing the custodian.,reconstructed_plural_subject,"Wagers, Lau & Phillips (2009), Exp. 4, base item from Appendix A; plural-subject conditions e-h reconstructed by pluralizing the head noun"
6,PP,a,singular,singular,grammatical,name,billboard,The name on the billboard probably,was,was,were,The name on the billboard probably was of a prominent local businessman.,wagers2009_exp4_base_item,"Wagers, Lau & Phillips (2009), Exp. 4, base item from Appendix A; plural-subject conditions e-h reconstructed by pluralizing the head noun"
6,PP,b,singular,plural,grammatical,name,billboards,The name on the billboards probably,was,was,were,The name on the billboards probably was of a prominent local businessman.,wagers2009_exp4_base_item,"Wagers, Lau & Phillips (2009), Exp. 4, base item from Appendix A; plural-subject conditions e-h reconstructed by pluralizing the head noun"
6,PP,c,singular,singular,ungrammatical,name,billboard,The name on the billboard probably,were,was,were,The name on the billboard probably were of a prominent local businessman.,wagers2009_exp4_base_item,"Wagers, Lau & Phillips (2009), Exp. 4, base item from Appendix A; plural-subject conditions e-h reconstructed by pluralizing the head noun"
6,PP,d,singular,plural,ungrammatical,name,billboards,The name on the billboards probably,were,was,were,The name on the billboards probably were of a prominent local businessman.,wagers2009_exp4_base_item,"Wagers, Lau & Phillips (2009), Exp. 4, base item from Appendix A; plural-subject conditions e-h reconstructed by pluralizing the head noun"
6,PP,e,plural,singular,grammatical,names,billboard,The names on the billboard probably,were,were,was,The names on the billboard probably were of a prominent local businessman.,reconstructed_plural_subject,"Wagers, Lau & Phillips (2009), Exp. 4, base item from Appendix A; plural-subject conditions e-h reconstructed by pluralizing the head noun"
6,PP,f,plural,plural,grammatical,names,billboards,The names on the billboards probably,were,were,was,The names on the billboards probably were of a prominent local businessman.,reconstructed_plural_subject,"Wagers, Lau & Phillips (2009), Exp. 4, base item from Appendix A; plural-subject conditions e-h reconstructed by pluralizing the head noun"
6,PP,g,plural,singular,ungrammatical,names,billboard,The names on the billboard probably,was,were,was,The names on the billboard probably was of a prominent local businessman.,reconstructed_plural_subject,"Wagers, Lau & Phillips (2009), Exp. 4, base item from Appendix A; plural-subject conditions e-h reconstructed by pluralizing the head noun"
6,PP,h,plural,plural,ungrammatical,names,billboards,The names on the billboards probably,was,were,was,The names on the billboards probably was of a prominent local businessman.,reconstructed_plural_subject,"Wagers, Lau & Phillips (2009), Exp. 4, base item from Appendix A; plural-subject conditions e-h reconstructed by pluralizing the head noun"
7,PP,a,singular,singular,grammatical,crime,suburb,The crime in the suburb doubtlessly,was,was,were,The crime in the suburb doubtlessly was a reflection of the violence in today's society.,wagers2009_exp4_base_item,"Wagers, Lau & Phillips (2009), Exp. 4, base item from Appendix A; plural-subject conditions e-h reconstructed by pluralizing the head noun"
7,PP,b,singular,plural,grammatical,crime,suburbs,The crime in the suburbs doubtlessly,was,was,were,The crime in the suburbs doubtlessly was a reflection of the violence in today's society.,wagers2009_exp4_base_item,"Wagers, Lau & Phillips (2009), Exp. 4, base item from Appendix A; plural-subject conditions e-h reconstructed by pluralizing the head noun"
7,PP,c,singular,singular,ungrammatical,crime,suburb,The crime in the suburb doubtlessly,were,was,were,The crime in the suburb doubtlessly were a reflection of the violence in today's society.,wagers2009_exp4_base_item,"Wagers, Lau & Phillips (2009), Exp. 4, base item from Appendix A; plural-subject conditions e-h reconstructed by pluralizing the head noun"
7,PP,d,singular,plural,ungrammatical,crime,suburbs,The crime in the suburbs doubtlessly,were,was,were,The crime in the suburbs doubtlessly were a reflection of the violence in today's society.,wagers2009_exp4_base_item,"Wagers, Lau & Phillips (2009), Exp. 4, base item from Appendix A; plural-subject conditions e-h reconstructed by pluralizing the head noun"
7,PP,e,plural,singular,grammatical,crimes,suburb,The crimes in the suburb doubtlessly,were,were,was,The crimes in the suburb doubtlessly were a reflection of the violence in today's society.,reconstructed_plural_subject,"Wagers, Lau & Phillips (2009), Exp. 4, base item from Appendix A; plural-subject conditions e-h reconstructed by pluralizing the head noun"
7,PP,f,plural,plural,grammatical,crimes,suburbs,The crimes in the suburbs doubtlessly,were,were,was,The crimes in the suburbs doubtlessly were a reflection of the violence in today's society.,reconstructed_plural_subject,"Wagers, Lau & Phillips (2009), Exp. 4, base item from Appendix A; plural-subject conditions e-h reconstructed by pluralizing the head noun"
7,PP,g,plural,singular,ungrammatical,crimes,suburb,The crimes in the suburb doubtlessly,was,were,was,The crimes in the suburb doubtlessly was a reflection of the violence in today's society.,reconstructed_plural_subject,"Wagers, Lau & Phillips (2009), Exp. 4, base item from Appendix A; plural-subject conditions e-h reconstructed by pluralizing the head noun"
7,PP,h,plural,plural,ungrammatical,crimes,suburbs,The crimes in the suburbs doubtlessly,was,were,was,The crimes in the suburbs doubtlessly was a reflection of the violence in today's society.,reconstructed_plural_subject,"Wagers, Lau & Phillips (2009), Exp. 4, base item from Appendix A; plural-subject conditions e-h reconstructed by pluralizing the head noun"
8,PP,a,singular,singular,grammatical,defect,appliance,The defect in the appliance likely,was,was,were,The defect in the appliance likely was unknown to consumers and government regulators.,wagers2009_exp4_base_item,"Wagers, Lau & Phillips (2009), Exp. 4, base item from Appendix A; plural-subject conditions e-h reconstructed by pluralizing the head noun"
8,PP,b,singular,plural,grammatical,defect,appliances,The defect in the appliances likely,was,was,were,The defect in the appliances likely was unknown to consumers and government regulators.,wagers2009_exp4_base_item,"Wagers, Lau & Phillips (2009), Exp. 4, base item from Appendix A; plural-subject conditions e-h reconstructed by pluralizing the head noun"
8,PP,c,singular,singular,ungrammatical,defect,appliance,The defect in the appliance likely,were,was,were,The defect in the appliance likely were unknown to consumers and government regulators.,wagers2009_exp4_base_item,"Wagers, Lau & Phillips (2009), Exp. 4, base item from Appendix A; plural-subject conditions e-h reconstructed by pluralizing the head noun"
8,PP,d,singular,plural,ungrammatical,defect,appliances,The defect in the appliances likely,were,was,were,The defect in the appliances likely were unknown to consumers and government regulators.,wagers2009_exp4_base_item,"Wagers, Lau & Phillips (2009), Exp. 4, base item from Appendix A; plural-subject conditions e-h reconstructed by pluralizing the head noun"
8,PP,e,plural,singular,grammatical,defects,appliance,The defects in the appliance likely,were,were,was,The defects in the appliance likely were unknown to consumers and government regulators.,reconstructed_plural_subject,"Wagers, Lau & Phillips (2009), Exp. 4, base item from Appendix A; plural-subject conditions e-h reconstructed by pluralizing the head noun"
8,PP,f,plural,plural,grammatical,defects,appliances,The defects in the appliances likely,were,were,was,The defects in the appliances likely were unknown to consumers and government regulators.,reconstructed_plural_subject,"Wagers, Lau & Phillips (2009), Exp. 4, base item from Appendix A; plural-subject conditions e-h reconstructed by pluralizing the head noun"
8,PP,g,plural,singular,ungrammatical,defects,appliance,The defects in the appliance likely,was,were,was,The defects in the appliance likely was unknown to consumers and government regulators.,reconstructed_plural_subject,"Wagers, Lau & Phillips (2009), Exp. 4, base item from Appendix A; plural-subject conditions e-h reconstructed by pluralizing the head noun"
8,PP,h,plural,plural,ungrammatical,defects,appliances,The defects in the appliances likely,was,were,was,The defects in the appliances likely was unknown to consumers and government regulators.,reconstructed_plural_subject,"Wagers, Lau & Phillips (2009), Exp. 4, base item from Appendix A; plural-subject conditions e-h reconstructed by pluralizing the head noun"
9,PP,a,singular,singular,grammatical,citation,notecard,The citation on the notecard unfortunately,was,was,were,The citation on the notecard unfortunately was quite difficult to track down using the library's limited resources.,wagers2009_exp4_base_item,"Wagers, Lau & Phillips (2009), Exp. 4, base item from Appendix A; plural-subject conditions e-h reconstructed by pluralizing the head noun"
9,PP,b,singular,plural,grammatical,citation,notecards,The citation on the notecards unfortunately,was,was,were,The citation on the notecards unfortunately was quite difficult to track down using the library's limited resources.,wagers2009_exp4_base_item,"Wagers, Lau & Phillips (2009), Exp. 4, base item from Appendix A; plural-subject conditions e-h reconstructed by pluralizing the head noun"
9,PP,c,singular,singular,ungrammatical,citation,notecard,The citation on the notecard unfortunately,were,was,were,The citation on the notecard unfortunately were quite difficult to track down using the library's limited resources.,wagers2009_exp4_base_item,"Wagers, Lau & Phillips (2009), Exp. 4, base item from Appendix A; plural-subject conditions e-h reconstructed by pluralizing the head noun"
9,PP,d,singular,plural,ungrammatical,citation,notecards,The citation on the notecards unfortunately,were,was,were,The citation on the notecards unfortunately were quite difficult to track down using the library's limited resources.,wagers2009_exp4_base_item,"Wagers, Lau & Phillips (2009), Exp. 4, base item from Appendix A; plural-subject conditions e-h reconstructed by pluralizing the head noun"
9,PP,e,plural,singular,grammatical,citations,notecard,The citations on the notecard unfortunately,were,were,was,The citations on the notecard unfortunately were quite difficult to track down using the library's limited resources.,reconstructed_plural_subject,"Wagers, Lau & Phillips (2009), Exp. 4, base item from Appendix A; plural-subject conditions e-h reconstructed by pluralizing the head noun"
9,PP,f,plural,plural,grammatical,citations,notecards,The citations on the notecards unfortunately,were,were,was,The citations on the notecards unfortunately were quite difficult to track down using the library's limited resources.,reconstructed_plural_subject,"Wagers, Lau & Phillips (2009), Exp. 4, base item from Appendix A; plural-subject conditions e-h reconstructed by pluralizing the head noun"
9,PP,g,plural,singular,ungrammatical,citations,notecard,The citations on the notecard unfortunately,was,were,was,The citations on the notecard unfortunately was quite difficult to track down using the library's limited resources.,reconstructed_plural_subject,"Wagers, Lau & Phillips (2009), Exp. 4, base item from Appendix A; plural-subject conditions e-h reconstructed by pluralizing the head noun"
9,PP,h,plural,plural,ungrammatical,citations,notecards,The citations on the notecards unfortunately,was,were,was,The citations on the notecards unfortunately was quite difficult to track down using the library's limited resources.,reconstructed_plural_subject,"Wagers, Lau & Phillips (2009), Exp. 4, base item from Appendix A; plural-subject conditions e-h reconstructed by pluralizing the head noun"
10,PP,a,singular,singular,grammatical,advertisement,skyscraper,The advertisement on the skyscraper typically,was,was,were,The advertisement on the skyscraper typically was hard to read except from a long distance away.,wagers2009_exp4_base_item,"Wagers, Lau & Phillips (2009), Exp. 4, base item from Appendix A; plural-subject conditions e-h reconstructed by pluralizing the head noun"
10,PP,b,singular,plural,grammatical,advertisement,skyscrapers,The advertisement on the skyscrapers typically,was,was,were,The advertisement on the skyscrapers typically was hard to read except from a long distance away.,wagers2009_exp4_base_item,"Wagers, Lau & Phillips (2009), Exp. 4, base item from Appendix A; plural-subject conditions e-h reconstructed by pluralizing the head noun"
10,PP,c,singular,singular,ungrammatical,advertisement,skyscraper,The advertisement on the skyscraper typically,were,was,were,The advertisement on the skyscraper typically were hard to read except from a long distance away.,wagers2009_exp4_base_item,"Wagers, Lau & Phillips (2009), Exp. 4, base item from Appendix A; plural-subject conditions e-h reconstructed by pluralizing the head noun"
10,PP,d,singular,plural,ungrammatical,advertisement,skyscrapers,The advertisement on the skyscrapers typically,were,was,were,The advertisement on the skyscrapers typically were hard to read except from a long distance away.,wagers2009_exp4_base_item,"Wagers, Lau & Phillips (2009), Exp. 4, base item from Appendix A; plural-subject conditions e-h reconstructed by pluralizing the head noun"
10,PP,e,plural,singular,grammatical,advertisements,skyscraper,The advertisements on the skyscraper typically,were,were,was,The advertisements on the skyscraper typically were hard to read except from a long distance away.,reconstructed_plural_subject,"Wagers, Lau & Phillips (2009), Exp. 4, base item from Appendix A; plural-subject conditions e-h reconstructed by pluralizing the head noun"
10,PP,f,plural,plural,grammatical,advertisements,skyscrapers,The advertisements on the skyscrapers typically,were,were,was,The advertisements on the skyscrapers typically were hard to read except from a long distance away.,reconstructed_plural_subject,"Wagers, Lau & Phillips (2009), Exp. 4, base item from Appendix A; plural-subject conditions e-h reconstructed by pluralizing the head noun"
10,PP,g,plural,singular,ungrammatical,advertisements,skyscraper,The advertisements on the skyscraper typically,was,were,was,The advertisements on the skyscraper typically was hard to read except from a long distance away.,reconstructed_plural_subject,"Wagers, Lau & Phillips (2009), Exp. 4, base item from Appendix A; plural-subject conditions e-h reconstructed by pluralizing the head noun"
10,PP,h,plural,plural,ungrammatical,advertisements,skyscrapers,The advertisements on the skyscrapers typically,was,were,was,The advertisements on the skyscrapers typically was hard to read except from a long distance away.,reconstructed_plural_subject,"Wagers, Lau & Phillips (2009), Exp. 4, base item from Appendix A; plural-subject conditions e-h reconstructed by pluralizing the head noun"
11,PP,a,singular,singular,grammatical,traitor,camp,The traitor in the camp regrettably,was,was,were,The traitor in the camp regrettably was passing information to the enemy through various secret methods.,wagers2009_exp4_base_item,"Wagers, Lau & Phillips (2009), Exp. 4, base item from Appendix A; plural-subject conditions e-h reconstructed by pluralizing the head noun"
11,PP,b,singular,plural,grammatical,traitor,camps,The traitor in the camps regrettably,was,was,were,The traitor in the camps regrettably was passing information to the enemy through various secret methods.,wagers2009_exp4_base_item,"Wagers, Lau & Phillips (2009), Exp. 4, base item from Appendix A; plural-subject conditions e-h reconstructed by pluralizing the head noun"
11,PP,c,singular,singular,ungrammatical,traitor,camp,The traitor in the camp regrettably,were,was,were,The traitor in the camp regrettably were passing information to the enemy through various secret methods.,wagers2009_exp4_base_item,"Wagers, Lau & Phillips (2009), Exp. 4, base item from Appendix A; plural-subject conditions e-h reconstructed by pluralizing the head noun"
11,PP,d,singular,plural,ungrammatical,traitor,camps,The traitor in the camps regrettably,were,was,were,The traitor in the camps regrettably were passing information to the enemy through various secret methods.,wagers2009_exp4_base_item,"Wagers, Lau & Phillips (2009), Exp. 4, base item from Appendix A; plural-subject conditions e-h reconstructed by pluralizing the head noun"
11,PP,e,plural,singular,grammatical,traitors,camp,The traitors in the camp regrettably,were,were,was,The traitors in the camp regrettably were passing information to the enemy through various secret methods.,reconstructed_plural_subject,"Wagers, Lau & Phillips (2009), Exp. 4, base item from Appendix A; plural-subject conditions e-h reconstructed by pluralizing the head noun"
11,PP,f,plural,plural,grammatical,traitors,camps,The traitors in the camps regrettably,were,were,was,The traitors in the camps regrettably were passing information to the enemy through various secret methods.,reconstructed_plural_subject,"Wagers, Lau & Phillips (2009), Exp. 4, base item from Appendix A; plural-subject conditions e-h reconstructed by pluralizing the head noun"
11,PP,g,plural,singular,ungrammatical,traitors,camp,The traitors in the camp regrettably,was,were,was,The traitors in the camp regrettably was passing information to the enemy through various secret methods.,reconstructed_plural_subject,"Wagers, Lau & Phillips (2009), Exp. 4, base item from Appendix A; plural-subject conditions e-h reconstructed by pluralizing the head noun"
11,PP,h,plural,plural,ungrammatical,traitors,camps,The traitors in the camps regrettably,was,were,was,The traitors in the camps regrettably was passing information to the enemy through various secret methods.,reconstructed_plural_subject,"Wagers, Lau & Phillips (2009), Exp. 4, base item from Appendix A; plural-subject conditions e-h reconstructed by pluralizing the head noun"
12,PP,a,singular,singular,grammatical,flaw,argument,The flaw in the argument usually,was,was,were,The flaw in the argument usually was clear to everyone in the lecture hall after just five minutes.,wagers2009_exp4_base_item,"Wagers, Lau & Phillips (2009), Exp. 4, base item from Appendix A; plural-subject conditions e-h reconstructed by pluralizing the head noun"
12,PP,b,singular,plural,grammatical,flaw,arguments,The flaw in the arguments usually,was,was,were,The flaw in the arguments usually was clear to everyone in the lecture hall after just five minutes.,wagers2009_exp4_base_item,"Wagers, Lau & Phillips (2009), Exp. 4, base item from Appendix A; plural-subject conditions e-h reconstructed by pluralizing the head noun"
12,PP,c,singular,singular,ungrammatical,flaw,argument,The flaw in the argument usually,were,was,were,The flaw in the argument usually were clear to everyone in the lecture hall after just five minutes.,wagers2009_exp4_base_item,"Wagers, Lau & Phillips (2009), Exp. 4, base item from Appendix A; plural-subject conditions e-h reconstructed by pluralizing the head noun"
12,PP,d,singular,plural,ungrammatical,flaw,arguments,The flaw in the arguments usually,were,was,were,The flaw in the arguments usually were clear to everyone in the lecture hall after just five minutes.,wagers2009_exp4_base_item,"Wagers, Lau & Phillips (2009), Exp. 4, base item from Appendix A; plural-subject conditions e-h reconstructed by pluralizing the head noun"
12,PP,e,plural,singular,grammatical,flaws,argument,The flaws in the argument usually,were,were,was,The flaws in the argument usually were clear to everyone in the lecture hall after just five minutes.,reconstructed_plural_subject,"Wagers, Lau & Phillips (2009), Exp. 4, base item from Appendix A; plural-subject conditions e-h reconstructed by pluralizing the head noun"
12,PP,f,plural,plural,grammatical,flaws,arguments,The flaws in the arguments usually,were,were,was,The flaws in the arguments usually were clear to everyone in the lecture hall after just five minutes.,reconstructed_plural_subject,"Wagers, Lau & Phillips (2009), Exp. 4, base item from Appendix A; plural-subject conditions e-h reconstructed by pluralizing the head noun"
12,PP,g,plural,singular,ungrammatical,flaws,argument,The flaws in the argument usually,was,were,was,The flaws in the argument usually was clear to everyone in the lecture hall after just five minutes.,reconstructed_plural_subject,"Wagers, Lau & Phillips (2009), Exp. 4, base item from Appendix A; plural-subject conditions e-h reconstructed by pluralizing the head noun"
12,PP,h,plural,plural,ungrammatical,flaws,arguments,The flaws in the arguments usually,was,were,was,The flaws in the arguments usually was clear to everyone in the lecture hall after just five minutes.,reconstructed_plural_subject,"Wagers, Lau & Phillips (2009), Exp. 4, base item from Appendix A; plural-subject conditions e-h reconstructed by pluralizing the head noun"
13,PP,a,singular,singular,grammatical,door,laboratory,The door to the laboratory accidentally,was,was,were,The door to the laboratory accidentally was left unlocked by the cleaning service.,wagers2009_exp4_base_item,"Wagers, Lau & Phillips (2009), Exp. 4, base item from Appendix A; plural-subject conditions e-h reconstructed by pluralizing the head noun"
13,PP,b,singular,plural,grammatical,door,laboratories,The door to the laboratories accidentally,was,was,were,The door to the laboratories accidentally was left unlocked by the cleaning service.,wagers2009_exp4_base_item,"Wagers, Lau & Phillips (2009), Exp. 4, base item from Appendix A; plural-subject conditions e-h reconstructed by pluralizing the head noun"
13,PP,c,singular,singular,ungrammatical,door,laboratory,The door to the laboratory accidentally,were,was,were,The door to the laboratory accidentally were left unlocked by the cleaning service.,wagers2009_exp4_base_item,"Wagers, Lau & Phillips (2009), Exp. 4, base item from Appendix A; plural-subject conditions e-h reconstructed by pluralizing the head noun"
13,PP,d,singular,plural,ungrammatical,door,laboratories,The door to the laboratories accidentally,were,was,were,The door to the laboratories accidentally were left unlocked by the cleaning service.,wagers2009_exp4_base_item,"Wagers, Lau & Phillips (2009), Exp. 4, base item from Appendix A; plural-subject conditions e-h reconstructed by pluralizing the head noun"
13,PP,e,plural,singular,grammatical,doors,laboratory,The doors to the laboratory accidentally,were,were,was,The doors to the laboratory accidentally were left unlocked by the cleaning service.,reconstructed_plural_subject,"Wagers, Lau & Phillips (2009), Exp. 4, base item from Appendix A; plural-subject conditions e-h reconstructed by pluralizing the head noun"
13,PP,f,plural,plural,grammatical,doors,laboratories,The doors to the laboratories accidentally,were,were,was,The doors to the laboratories accidentally were left unlocked by the cleaning service.,reconstructed_plural_subject,"Wagers, Lau & Phillips (2009), Exp. 4, base item from Appendix A; plural-subject conditions e-h reconstructed by pluralizing the head noun"
13,PP,g,plural,singular,ungrammatical,doors,laboratory,The doors to the laboratory accidentally,was,were,was,The doors to the laboratory accidentally was left unlocked by the cleaning service.,reconstructed_plural_subject,"Wagers, Lau & Phillips (2009), Exp. 4, base item from Appendix A; plural-subject conditions e-h reconstructed by pluralizing the head noun"
13,PP,h,plural,plural,ungrammatical,doors,laboratories,The doors to the laboratories accidentally,was,were,was,The doors to the laboratories accidentally was left unlocked by the cleaning service.,reconstructed_plural_subject,"Wagers, Lau & Phillips (2009), Exp. 4, base item from Appendix A; plural-subject conditions e-h reconstructed by pluralizing the head noun"
14,PP,a,singular,singular,grammatical,memo,supervisor,The memo from the supervisor unfortunately,was,was,were,The memo from the supervisor unfortunately was about the delinquent tax return.,wagers2009_exp4_base_item,"Wagers, Lau & Phillips (2009), Exp. 4, base item from Appendix A; plural-subject conditions e-h reconstructed by pluralizing the head noun"
14,PP,b,singular,plural,grammatical,memo,supervisors,The memo from the supervisors unfortunately,was,was,were,The memo from the supervisors unfortunately was about the delinquent tax return.,wagers2009_exp4_base_item,"Wagers, Lau & Phillips (2009), Exp. 4, base item from Appendix A; plural-subject conditions e-h reconstructed by pluralizing the head noun"
14,PP,c,singular,singular,ungrammatical,memo,supervisor,The memo from the supervisor unfortunately,were,was,were,The memo from the supervisor unfortunately were about the delinquent tax return.,wagers2009_exp4_base_item,"Wagers, Lau & Phillips (2009), Exp. 4, base item from Appendix A; plural-subject conditions e-h reconstructed by pluralizing the head noun"
14,PP,d,singular,plural,ungrammatical,memo,supervisors,The memo from the supervisors unfortunately,were,was,were,The memo from the supervisors unfortunately were about the delinquent tax return.,wagers2009_exp4_base_item,"Wagers, Lau & Phillips (2009), Exp. 4, base item from Appendix A; plural-subject conditions e-h reconstructed by pluralizing the head noun"
14,PP,e,plural,singular,grammatical,memos,supervisor,The memos from the supervisor unfortunately,were,were,was,The memos from the supervisor unfortunately were about the delinquent tax return.,reconstructed_plural_subject,"Wagers, Lau & Phillips (2009), Exp. 4, base item from Appendix A; plural-subject conditions e-h reconstructed by pluralizing the head noun"
14,PP,f,plural,plural,grammatical,memos,supervisors,The memos from the supervisors unfortunately,were,were,was,The memos from the supervisors unfortunately were about the delinquent tax return.,reconstructed_plural_subject,"Wagers, Lau & Phillips (2009), Exp. 4, base item from Appendix A; plural-subject conditions e-h reconstructed by pluralizing the head noun"
14,PP,g,plural,singular,ungrammatical,memos,supervisor,The memos from the supervisor unfortunately,was,were,was,The memos from the supervisor unfortunately was about the delinquent tax return.,reconstructed_plural_subject,"Wagers, Lau & Phillips (2009), Exp. 4, base item from Appendix A; plural-subject conditions e-h reconstructed by pluralizing the head noun"
14,PP,h,plural,plural,ungrammatical,memos,supervisors,The memos from the supervisors unfortunately,was,were,was,The memos from the supervisors unfortunately was about the delinquent tax return.,reconstructed_plural_subject,"Wagers, Lau & Phillips (2009), Exp. 4, base item from Appendix A; plural-subject conditions e-h reconstructed by pluralizing the head noun"
15,PP,a,singular,singular,grammatical,check,stockbroker,The check from the stockbroker happily,was,was,were,The check from the stockbroker happily was a dividend on a long-term bond.,wagers2009_exp4_base_item,"Wagers, Lau & Phillips (2009), Exp. 4, base item from Appendix A; plural-subject conditions e-h reconstructed by pluralizing the head noun"
15,PP,b,singular,plural,grammatical,check,stockbrokers,The check from the stockbrokers happily,was,was,were,The check from the stockbrokers happily was a dividend on a long-term bond.,wagers2009_exp4_base_item,"Wagers, Lau & Phillips (2009), Exp. 4, base item from Appendix A; plural-subject conditions e-h reconstructed by pluralizing the head noun"
15,PP,c,singular,singular,ungrammatical,check,stockbroker,The check from the stockbroker happily,were,was,were,The check from the stockbroker happily were a dividend on a long-term bond.,wagers2009_exp4_base_item,"Wagers, Lau & Phillips (2009), Exp. 4, base item from Appendix A; plural-subject conditions e-h reconstructed by pluralizing the head noun"
15,PP,d,singular,plural,ungrammatical,check,stockbrokers,The check from the stockbrokers happily,were,was,were,The check from the stockbrokers happily were a dividend on a long-term bond.,wagers2009_exp4_base_item,"Wagers, Lau & Phillips (2009), Exp. 4, base item from Appendix A; plural-subject conditions e-h reconstructed by pluralizing the head noun"
15,PP,e,plural,singular,grammatical,checks,stockbroker,The checks from the stockbroker happily,were,were,was,The checks from the stockbroker happily were a dividend on a long-term bond.,reconstructed_plural_subject,"Wagers, Lau & Phillips (2009), Exp. 4, base item from Appendix A; plural-subject conditions e-h reconstructed by pluralizing the head noun"
15,PP,f,plural,plural,grammatical,checks,stockbrokers,The checks from the stockbrokers happily,were,were,was,The checks from the stockbrokers happily were a dividend on a long-term bond.,reconstructed_plural_subject,"Wagers, Lau & Phillips (2009), Exp. 4, base item from Appendix A; plural-subject conditions e-h reconstructed by pluralizing the head noun"
15,PP,g,plural,singular,ungrammatical,checks,stockbroker,The checks from the stockbroker happily,was,were,was,The checks from the stockbroker happily was a dividend on a long-term bond.,reconstructed_plural_subject,"Wagers, Lau & Phillips (2009), Exp. 4, base item from Appendix A; plural-subject conditions e-h reconstructed by pluralizing the head noun"
15,PP,h,plural,plural,ungrammatical,checks,stockbrokers,The checks from the stockbrokers happily,was,were,was,The checks from the stockbrokers happily was a dividend on a long-term bond.,reconstructed_plural_subject,"Wagers, Lau & Phillips (2009), Exp. 4, base item from Appendix A; plural-subject conditions e-h reconstructed by pluralizing the head noun"
16,PP,a,singular,singular,grammatical,key,cell,The key to the cell unsurprisingly,was,was,were,The key to the cell unsurprisingly was rusty from many years of disuse.,wagers2009_exp4_base_item,"Wagers, Lau & Phillips (2009), Exp. 4, base item from Appendix A; plural-subject conditions e-h reconstructed by pluralizing the head noun"
16,PP,b,singular,plural,grammatical,key,cells,The key to the cells unsurprisingly,was,was,were,The key to the cells unsurprisingly was rusty from many years of disuse.,wagers2009_exp4_base_item,"Wagers, Lau & Phillips (2009), Exp. 4, base item from Appendix A; plural-subject conditions e-h reconstructed by pluralizing the head noun"
16,PP,c,singular,singular,ungrammatical,key,cell,The key to the cell unsurprisingly,were,was,were,The key to the cell unsurprisingly were rusty from many years of disuse.,wagers2009_exp4_base_item,"Wagers, Lau & Phillips (2009), Exp. 4, base item from Appendix A; plural-subject conditions e-h reconstructed by pluralizing the head noun"
16,PP,d,singular,plural,ungrammatical,key,cells,The key to the cells unsurprisingly,were,was,were,The key to the cells unsurprisingly were rusty from many years of disuse.,wagers2009_exp4_base_item,"Wagers, Lau & Phillips (2009), Exp. 4, base item from Appendix A; plural-subject conditions e-h reconstructed by pluralizing the head noun"
16,PP,e,plural,singular,grammatical,keys,cell,The keys to the cell unsurprisingly,were,were,was,The keys to the cell unsurprisingly were rusty from many years of disuse.,reconstructed_plural_subject,"Wagers, Lau & Phillips (2009), Exp. 4, base item from Appendix A; plural-subject conditions e-h reconstructed by pluralizing the head noun"
16,PP,f,plural,plural,grammatical,keys,cells,The keys to the cells unsurprisingly,were,were,was,The keys to the cells unsurprisingly were rusty from many years of disuse.,reconstructed_plural_subject,"Wagers, Lau & Phillips (2009), Exp. 4, base item from Appendix A; plural-subject conditions e-h reconstructed by pluralizing the head noun"
16,PP,g,plural,singular,ungrammatical,keys,cell,The keys to the cell unsurprisingly,was,were,was,The keys to the cell unsurprisingly was rusty from many years of disuse.,reconstructed_plural_subject,"Wagers, Lau & Phillips (2009), Exp. 4, base item from Appendix A; plural-subject conditions e-h reconstructed by pluralizing the head noun"
16,PP,h,plural,plural,ungrammatical,keys,cells,The keys to the cells unsurprisingly,was,were,was,The keys to the cells unsurprisingly was rusty from many years of disuse.,reconstructed_plural_subject,"Wagers, Lau & Phillips (2009), Exp. 4, base item from Appendix A; plural-subject conditions e-h reconstructed by pluralizing the head noun"
17,PP,a,singular,singular,grammatical,letter,investigator,The letter from the investigator allegedly,was,was,were,The letter from the investigator allegedly was received in San Francisco in late March.,wagers2009_exp4_base_item,"Wagers, Lau & Phillips (2009), Exp. 4, base item from Appendix A; plural-subject conditions e-h reconstructed by pluralizing the head noun"
17,PP,b,singular,plural,grammatical,letter,investigators,The letter from the investigators allegedly,was,was,were,The letter from the investigators allegedly was received in San Francisco in late March.,wagers2009_exp4_base_item,"Wagers, Lau & Phillips (2009), Exp. 4, base item from Appendix A; plural-subject conditions e-h reconstructed by pluralizing the head noun"
17,PP,c,singular,singular,ungrammatical,letter,investigator,The letter from the investigator allegedly,were,was,were,The letter from the investigator allegedly were received in San Francisco in late March.,wagers2009_exp4_base_item,"Wagers, Lau & Phillips (2009), Exp. 4, base item from Appendix A; plural-subject conditions e-h reconstructed by pluralizing the head noun"
17,PP,d,singular,plural,ungrammatical,letter,investigators,The letter from the investigators allegedly,were,was,were,The letter from the investigators allegedly were received in San Francisco in late March.,wagers2009_exp4_base_item,"Wagers, Lau & Phillips (2009), Exp. 4, base item from Appendix A; plural-subject conditions e-h reconstructed by pluralizing the head noun"
17,PP,e,plural,singular,grammatical,letters,investigator,The letters from the investigator allegedly,were,were,was,The letters from the investigator allegedly were received in San Francisco in late March.,reconstructed_plural_subject,"Wagers, Lau & Phillips (2009), Exp. 4, base item from Appendix A; plural-subject conditions e-h reconstructed by pluralizing the head noun"
17,PP,f,plural,plural,grammatical,letters,investigators,The letters from the investigators allegedly,were,were,was,The letters from the investigators allegedly were received in San Francisco in late March.,reconstructed_plural_subject,"Wagers, Lau & Phillips (2009), Exp. 4, base item from Appendix A; plural-subject conditions e-h reconstructed by pluralizing the head noun"
17,PP,g,plural,singular,ungrammatical,letters,investigator,The letters from the investigator allegedly,was,were,was,The letters from the investigator allegedly was received in San Francisco in late March.,reconstructed_plural_subject,"Wagers, Lau & Phillips (2009), Exp. 4, base item from Appendix A; plural-subject conditions e-h reconstructed by pluralizing the head noun"
17,PP,h,plural,plural,ungrammatical,letters,investigators,The letters from the investigators allegedly,was,were,was,The letters from the investigators allegedly was received in San Francisco in late March.,reconstructed_plural_subject,"Wagers, Lau & Phillips (2009), Exp. 4, base item from Appendix A; plural-subject conditions e-h reconstructed by pluralizing the head noun"
18,PP,a,singular,singular,grammatical,entrance,exhibit,The entrance to the exhibit evidently,was,was,were,The entrance to the exhibit evidently was hard to locate on the diagram.,wagers2009_exp4_base_item,"Wagers, Lau & Phillips (2009), Exp. 4, base item from Appendix A; plural-subject conditions e-h reconstructed by pluralizing the head noun"
18,PP,b,singular,plural,grammatical,entrance,exhibits,The entrance to the exhibits evidently,was,was,were,The entrance to the exhibits evidently was hard to locate on the diagram.,wagers2009_exp4_base_item,"Wagers, Lau & Phillips (2009), Exp. 4, base item from Appendix A; plural-subject conditions e-h reconstructed by pluralizing the head noun"
18,PP,c,singular,singular,ungrammatical,entrance,exhibit,The entrance to the exhibit evidently,were,was,were,The entrance to the exhibit evidently were hard to locate on the diagram.,wagers2009_exp4_base_item,"Wagers, Lau & Phillips (2009), Exp. 4, base item from Appendix A; plural-subject conditions e-h reconstructed by pluralizing the head noun"
18,PP,d,singular,plural,ungrammatical,entrance,exhibits,The entrance to the exhibits evidently,were,was,were,The entrance to the exhibits evidently were hard to locate on the diagram.,wagers2009_exp4_base_item,"Wagers, Lau & Phillips (2009), Exp. 4, base item from Appendix A; plural-subject conditions e-h reconstructed by pluralizing the head noun"
18,PP,e,plural,singular,grammatical,entrances,exhibit,The entrances to the exhibit evidently,were,were,was,The entrances to the exhibit evidently were hard to locate on the diagram.,reconstructed_plural_subject,"Wagers, Lau & Phillips (2009), Exp. 4, base item from Appendix A; plural-subject conditions e-h reconstructed by pluralizing the head noun"
18,PP,f,plural,plural,grammatical,entrances,exhibits,The entrances to the exhibits evidently,were,were,was,The entrances to the exhibits evidently were hard to locate on the diagram.,reconstructed_plural_subject,"Wagers, Lau & Phillips (2009), Exp. 4, base item from Appendix A; plural-subject conditions e-h reconstructed by pluralizing the head noun"
18,PP,g,plural,singular,ungrammatical,entrances,exhibit,The entrances to the exhibit evidently,was,were,was,The entrances to the exhibit evidently was hard to locate on the diagram.,reconstructed_plural_subject,"Wagers, Lau & Phillips (2009), Exp. 4, base item from Appendix A; plural-subject conditions e-h reconstructed by pluralizing the head noun"
18,PP,h,plural,plural,ungrammatical,entrances,exhibits,The entrances to the exhibits evidently,was,were,was,The entrances to the exhibits evidently was hard to locate on the diagram.,reconstructed_plural_subject,"Wagers, Lau & Phillips (2009), Exp. 4, base item from Appendix A; plural-subject conditions e-h reconstructed by pluralizing the head noun"
19,PP,a,singular,singular,grammatical,warning,expert,The warning from the expert unsurprisingly,was,was,were,The warning from the expert unsurprisingly was a shock to the residents of the city.,wagers2009_exp4_base_item,"Wagers, Lau & Phillips (2009), Exp. 4, base item from Appendix A; plural-subject conditions e-h reconstructed by pluralizing the head noun"
19,PP,b,singular,plural,grammatical,warning,experts,The warning from the experts unsurprisingly,was,was,were,The warning from the experts unsurprisingly was a shock to the residents of the city.,wagers2009_exp4_base_item,"Wagers, Lau & Phillips (2009), Exp. 4, base item from Appendix A; plural-subject conditions e-h reconstructed by pluralizing the head noun"
19,PP,c,singular,singular,ungrammatical,warning,expert,The warning from the expert unsurprisingly,were,was,were,The warning from the expert unsurprisingly were a shock to the residents of the city.,wagers2009_exp4_base_item,"Wagers, Lau & Phillips (2009), Exp. 4, base item from Appendix A; plural-subject conditions e-h reconstructed by pluralizing the head noun"
19,PP,d,singular,plural,ungrammatical,warning,experts,The warning from the experts unsurprisingly,were,was,were,The warning from the experts unsurprisingly were a shock to the residents of the city.,wagers2009_exp4_base_item,"Wagers, Lau & Phillips (2009), Exp. 4, base item from Appendix A; plural-subject conditions e-h reconstructed by pluralizing the head noun"
19,PP,e,plural,singular,grammatical,warnings,expert,The warnings from the expert unsurprisingly,were,were,was,The warnings from the expert unsurprisingly were a shock to the residents of the city.,reconstructed_plural_subject,"Wagers, Lau & Phillips (2009), Exp. 4, base item from Appendix A; plural-subject conditions e-h reconstructed by pluralizing the head noun"
19,PP,f,plural,plural,grammatical,warnings,experts,The warnings from the experts unsurprisingly,were,were,was,The warnings from the experts unsurprisingly were a shock to the residents of the city.,reconstructed_plural_subject,"Wagers, Lau & Phillips (2009), Exp. 4, base item from Appendix A; plural-subject conditions e-h reconstructed by pluralizing the head noun"
19,PP,g,plural,singular,ungrammatical,warnings,expert,The warnings from the expert unsurprisingly,was,were,was,The warnings from the expert unsurprisingly was a shock to the residents of the city.,reconstructed_plural_subject,"Wagers, Lau & Phillips (2009), Exp. 4, base item from Appendix A; plural-subject conditions e-h reconstructed by pluralizing the head noun"
19,PP,h,plural,plural,ungrammatical,warnings,experts,The warnings from the experts unsurprisingly,was,were,was,The warnings from the experts unsurprisingly was a shock to the residents of the city.,reconstructed_plural_subject,"Wagers, Lau & Phillips (2009), Exp. 4, base item from Appendix A; plural-subject conditions e-h reconstructed by pluralizing the head noun"
20,PP,a,singular,singular,grammatical,bridge,island,The bridge to the island apparently,was,was,were,The bridge to the island apparently was about ten miles off the main highway.,wagers2009_exp4_base_item,"Wagers, Lau & Phillips (2009), Exp. 4, base item from Appendix A; plural-subject conditions e-h reconstructed by pluralizing the head noun"
20,PP,b,singular,plural,grammatical,bridge,islands,The bridge to the islands apparently,was,was,were,The bridge to the islands apparently was about ten miles off the main highway.,wagers2009_exp4_base_item,"Wagers, Lau & Phillips (2009), Exp. 4, base item from Appendix A; plural-subject conditions e-h reconstructed by pluralizing the head noun"
20,PP,c,singular,singular,ungrammatical,bridge,island,The bridge to the island apparently,were,was,were,The bridge to the island apparently were about ten miles off the main highway.,wagers2009_exp4_base_item,"Wagers, Lau & Phillips (2009), Exp. 4, base item from Appendix A; plural-subject conditions e-h reconstructed by pluralizing the head noun"
20,PP,d,singular,plural,ungrammatical,bridge,islands,The bridge to the islands apparently,were,was,were,The bridge to the islands apparently were about ten miles off the main highway.,wagers2009_exp4_base_item,"Wagers, Lau & Phillips (2009), Exp. 4, base item from Appendix A; plural-subject conditions e-h reconstructed by pluralizing the head noun"
20,PP,e,plural,singular,grammatical,bridges,island,The bridges to the island apparently,were,were,was,The bridges to the island apparently were about ten miles off the main highway.,reconstructed_plural_subject,"Wagers, Lau & Phillips (2009), Exp. 4, base item from Appendix A; plural-subject conditions e-h reconstructed by pluralizing the head noun"
20,PP,f,plural,plural,grammatical,bridges,islands,The bridges to the islands apparently,were,were,was,The bridges to the islands apparently were about ten miles off the main highway.,reconstructed_plural_subject,"Wagers, Lau & Phillips (2009), Exp. 4, base item from Appendix A; plural-subject conditions e-h reconstructed by pluralizing the head noun"
20,PP,g,plural,singular,ungrammatical,bridges,island,The bridges to the island apparently,was,were,was,The bridges to the island apparently was about ten miles off the main highway.,reconstructed_plural_subject,"Wagers, Lau & Phillips (2009), Exp. 4, base item from Appendix A; plural-subject conditions e-h reconstructed by pluralizing the head noun"
20,PP,h,plural,plural,ungrammatical,bridges,islands,The bridges to the islands apparently,was,were,was,The bridges to the islands apparently was about ten miles off the main highway.,reconstructed_plural_subject,"Wagers, Lau & Phillips (2009), Exp. 4, base item from Appendix A; plural-subject conditions e-h reconstructed by pluralizing the head noun"
21,PP,a,singular,singular,grammatical,gift,visitor,The gift from the visitor apparently,was,was,were,The gift from the visitor apparently was a beautiful clock from Germany.,wagers2009_exp4_base_item,"Wagers, Lau & Phillips (2009), Exp. 4, base item from Appendix A; plural-subject conditions e-h reconstructed by pluralizing the head noun"
21,PP,b,singular,plural,grammatical,gift,visitors,The gift from the visitors apparently,was,was,were,The gift from the visitors apparently was a beautiful clock from Germany.,wagers2009_exp4_base_item,"Wagers, Lau & Phillips (2009), Exp. 4, base item from Appendix A; plural-subject conditions e-h reconstructed by pluralizing the head noun"
21,PP,c,singular,singular,ungrammatical,gift,visitor,The gift from the visitor apparently,were,was,were,The gift from the visitor apparently were a beautiful clock from Germany.,wagers2009_exp4_base_item,"Wagers, Lau & Phillips (2009), Exp. 4, base item from Appendix A; plural-subject conditions e-h reconstructed by pluralizing the head noun"
21,PP,d,singular,plural,ungrammatical,gift,visitors,The gift from the visitors apparently,were,was,were,The gift from the visitors apparently were a beautiful clock from Germany.,wagers2009_exp4_base_item,"Wagers, Lau & Phillips (2009), Exp. 4, base item from Appendix A; plural-subject conditions e-h reconstructed by pluralizing the head noun"
21,PP,e,plural,singular,grammatical,gifts,visitor,The gifts from the visitor apparently,were,were,was,The gifts from the visitor apparently were a beautiful clock from Germany.,reconstructed_plural_subject,"Wagers, Lau & Phillips (2009), Exp. 4, base item from Appendix A; plural-subject conditions e-h reconstructed by pluralizing the head noun"
21,PP,f,plural,plural,grammatical,gifts,visitors,The gifts from the visitors apparently,were,were,was,The gifts from the visitors apparently were a beautiful clock from Germany.,reconstructed_plural_subject,"Wagers, Lau & Phillips (2009), Exp. 4, base item from Appendix A; plural-subject conditions e-h reconstructed by pluralizing the head noun"
21,PP,g,plural,singular,ungrammatical,gifts,visitor,The gifts from the visitor apparently,was,were,was,The gifts from the visitor apparently was a beautiful clock from Germany.,reconstructed_plural_subject,"Wagers, Lau & Phillips (2009), Exp. 4, base item from Appendix A; plural-subject conditions e-h reconstructed by pluralizing the head noun"
21,PP,h,plural,plural,ungrammatical,gifts,visitors,The gifts from the visitors apparently,was,were,was,The gifts from the visitors apparently was a beautiful clock from Germany.,reconstructed_plural_subject,"Wagers, Lau & Phillips (2009), Exp. 4, base item from Appendix A; plural-subject conditions e-h reconstructed by pluralizing the head noun"
22,PP,a,singular,singular,grammatical,path,monument,The path to the monument happily,was,was,were,The path to the monument happily was lined with lovely trees and flowers.,wagers2009_exp4_base_item,"Wagers, Lau & Phillips (2009), Exp. 4, base item from Appendix A; plural-subject conditions e-h reconstructed by pluralizing the head noun"
22,PP,b,singular,plural,grammatical,path,monuments,The path to the monuments happily,was,was,were,The path to the monuments happily was lined with lovely trees and flowers.,wagers2009_exp4_base_item,"Wagers, Lau & Phillips (2009), Exp. 4, base item from Appendix A; plural-subject conditions e-h reconstructed by pluralizing the head noun"
22,PP,c,singular,singular,ungrammatical,path,monument,The path to the monument happily,were,was,were,The path to the monument happily were lined with lovely trees and flowers.,wagers2009_exp4_base_item,"Wagers, Lau & Phillips (2009), Exp. 4, base item from Appendix A; plural-subject conditions e-h reconstructed by pluralizing the head noun"
22,PP,d,singular,plural,ungrammatical,path,monuments,The path to the monuments happily,were,was,were,The path to the monuments happily were lined with lovely trees and flowers.,wagers2009_exp4_base_item,"Wagers, Lau & Phillips (2009), Exp. 4, base item from Appendix A; plural-subject conditions e-h reconstructed by pluralizing the head noun"
22,PP,e,plural,singular,grammatical,paths,monument,The paths to the monument happily,were,were,was,The paths to the monument happily were lined with lovely trees and flowers.,reconstructed_plural_subject,"Wagers, Lau & Phillips (2009), Exp. 4, base item from Appendix A; plural-subject conditions e-h reconstructed by pluralizing the head noun"
22,PP,f,plural,plural,grammatical,paths,monuments,The paths to the monuments happily,were,were,was,The paths to the monuments happily were lined with lovely trees and flowers.,reconstructed_plural_subject,"Wagers, Lau & Phillips (2009), Exp. 4, base item from Appendix A; plural-subject conditions e-h reconstructed by pluralizing the head noun"
22,PP,g,plural,singular,ungrammatical,paths,monument,The paths to the monument happily,was,were,was,The paths to the monument happily was lined with lovely trees and flowers.,reconstructed_plural_subject,"Wagers, Lau & Phillips (2009), Exp. 4, base item from Appendix A; plural-subject conditions e-h reconstructed by pluralizing the head noun"
22,PP,h,plural,plural,ungrammatical,paths,monuments,The paths to the monuments happily,was,were,was,The paths to the monuments happily was lined with lovely trees and flowers.,reconstructed_plural_subject,"Wagers, Lau & Phillips (2009), Exp. 4, base item from Appendix A; plural-subject conditions e-h reconstructed by pluralizing the head noun"
23,PP,a,singular,singular,grammatical,message,engineer,The message from the engineer regrettably,was,was,were,The message from the engineer regrettably was about the recent weakening to the building's structural supports.,wagers2009_exp4_base_item,"Wagers, Lau & Phillips (2009), Exp. 4, base item from Appendix A; plural-subject conditions e-h reconstructed by pluralizing the head noun"
23,PP,b,singular,plural,grammatical,message,engineers,The message from the engineers regrettably,was,was,were,The message from the engineers regrettably was about the recent weakening to the building's structural supports.,wagers2009_exp4_base_item,"Wagers, Lau & Phillips (2009), Exp. 4, base item from Appendix A; plural-subject conditions e-h reconstructed by pluralizing the head noun"
23,PP,c,singular,singular,ungrammatical,message,engineer,The message from the engineer regrettably,were,was,were,The message from the engineer regrettably were about the recent weakening to the building's structural supports.,wagers2009_exp4_base_item,"Wagers, Lau & Phillips (2009), Exp. 4, base item from Appendix A; plural-subject conditions e-h reconstructed by pluralizing the head noun"
23,PP,d,singular,plural,ungrammatical,message,engineers,The message from the engineers regrettably,were,was,were,The message from the engineers regrettably were about the recent weakening to the building's structural supports.,wagers2009_exp4_base_item,"Wagers, Lau & Phillips (2009), Exp. 4, base item from Appendix A; plural-subject conditions e-h reconstructed by pluralizing the head noun"
23,PP,e,plural,singular,grammatical,messages,engineer,The messages from the engineer regrettably,were,were,was,The messages from the engineer regrettably were about the recent weakening to the building's structural supports.,reconstructed_plural_subject,"Wagers, Lau & Phillips (2009), Exp. 4, base item from Appendix A; plural-subject conditions e-h reconstructed by pluralizing the head noun"
23,PP,f,plural,plural,grammatical,messages,engineers,The messages from the engineers regrettably,were,were,was,The messages from the engineers regrettably were about the recent weakening to the building's structural supports.,reconstructed_plural_subject,"Wagers, Lau & Phillips (2009), Exp. 4, base item from Appendix A; plural-subject conditions e-h reconstructed by pluralizing the head noun"
23,PP,g,plural,singular,ungrammatical,messages,engineer,The messages from the engineer regrettably,was,were,was,The messages from the engineer regrettably was about the recent weakening to the building's structural supports.,reconstructed_plural_subject,"Wagers, Lau & Phillips (2009), Exp. 4, base item from Appendix A; plural-subject conditions e-h reconstructed by pluralizing the head noun"
23,PP,h,plural,plural,ungrammatical,messages,engineers,The messages from the engineers regrettably,was,were,was,The messages from the engineers regrettably was about the recent weakening to the building's structural supports.,reconstructed_plural_subject,"Wagers, Lau & Phillips (2009), Exp. 4, base item from Appendix A; plural-subject conditions e-h reconstructed by pluralizing the head noun"
24,PP,a,singular,singular,grammatical,gate,pasture,The gate to the pasture evidently,was,was,were,The gate to the pasture evidently was falling down due to disrepair.,wagers2009_exp4_base_item,"Wagers, Lau & Phillips (2009), Exp. 4, base item from Appendix A; plural-subject conditions e-h reconstructed by pluralizing the head noun"
24,PP,b,singular,plural,grammatical,gate,pastures,The gate to the pastures evidently,was,was,were,The gate to the pastures evidently was falling down due to disrepair.,wagers2009_exp4_base_item,"Wagers, Lau & Phillips (2009), Exp. 4, base item from Appendix A; plural-subject conditions e-h reconstructed by pluralizing the head noun"
24,PP,c,singular,singular,ungrammatical,gate,pasture,The gate to the pasture evidently,were,was,were,The gate to the pasture evidently were falling down due to disrepair.,wagers2009_exp4_base_item,"Wagers, Lau & Phillips (2009), Exp. 4, base item from Appendix A; plural-subject conditions e-h reconstructed by pluralizing the head noun"
24,PP,d,singular,plural,ungrammatical,gate,pastures,The gate to the pastures evidently,were,was,were,The gate to the pastures evidently were falling down due to disrepair.,wagers2009_exp4_base_item,"Wagers, Lau & Phillips (2009), Exp. 4, base item from Appendix A; plural-subject conditions e-h reconstructed by pluralizing the head noun"
24,PP,e,plural,singular,grammatical,gates,pasture,The gates to the pasture evidently,were,were,was,The gates to the pasture evidently were falling down due to disrepair.,reconstructed_plural_subject,"Wagers, Lau & Phillips (2009), Exp. 4, base item from Appendix A; plural-subject conditions e-h reconstructed by pluralizing the head noun"
24,PP,f,plural,plural,grammatical,gates,pastures,The gates to the pastures evidently,were,were,was,The gates to the pastures evidently were falling down due to disrepair.,reconstructed_plural_subject,"Wagers, Lau & Phillips (2009), Exp. 4, base item from Appendix A; plural-subject conditions e-h reconstructed by pluralizing the head noun"
24,PP,g,plural,singular,ungrammatical,gates,pasture,The gates to the pasture evidently,was,were,was,The gates to the pasture evidently was falling down due to disrepair.,reconstructed_plural_subject,"Wagers, Lau & Phillips (2009), Exp. 4, base item from Appendix A; plural-subject conditions e-h reconstructed by pluralizing the head noun"
24,PP,h,plural,plural,ungrammatical,gates,pastures,The gates to the pastures evidently,was,were,was,The gates to the pastures evidently was falling down due to disrepair.,reconstructed_plural_subject,"Wagers, Lau & Phillips (2009), Exp. 4, base item from Appendix A; plural-subject conditions e-h reconstructed by pluralizing the head noun"
