model,layer,layer_index_hf,n_dependencies,subject_top5_accuracy,mean_subject_rank,median_subject_rank
bigscience/bloom-560m,1,0,2865,0.7856893542757417,4.434904013961606,3.0
bigscience/bloom-560m,2,1,2865,0.6893542757417103,5.206282722513089,3.0
bigscience/bloom-560m,3,2,2865,0.6837696335078534,5.2541012216404885,4.0
bigscience/bloom-560m,4,3,2865,0.6774869109947644,5.307504363001745,4.0
bigscience/bloom-560m,5,4,2865,0.6890052356020943,5.282373472949389,4.0
bigscience/bloom-560m,6,5,2865,0.7322862129144851,4.819197207678883,4.0
bigscience/bloom-560m,7,6,2865,0.7657940663176265,4.596160558464224,3.0
bigscience/bloom-560m,8,7,2865,0.7989528795811518,4.333333333333333,3.0
bigscience/bloom-560m,9,8,2865,0.7452006980802792,4.646771378708552,3.0
bigscience/bloom-560m,10,9,2865,0.7916230366492146,4.357417102966841,3.0
bigscience/bloom-560m,11,10,2865,0.8034904013961606,4.001047120418848,3.0
bigscience/bloom-560m,12,11,2865,0.774869109947644,4.495986038394415,3.0
bigscience/bloom-560m,13,12,2865,0.743804537521815,4.641186736474695,3.0
bigscience/bloom-560m,14,13,2865,0.7406631762652705,4.7511343804537525,3.0
bigscience/bloom-560m,15,14,2865,0.7029668411867365,5.4178010471204185,4.0
bigscience/bloom-560m,16,15,2865,0.731588132635253,4.988132635253054,3.0
bigscience/bloom-560m,17,16,2865,0.7322862129144851,4.872251308900523,3.0
bigscience/bloom-560m,18,17,2865,0.7040139616055846,5.285165794066318,4.0
bigscience/bloom-560m,19,18,2865,0.6966841186736474,5.47434554973822,3.0
bigscience/bloom-560m,20,19,2865,0.7047120418848167,5.268760907504363,3.0
bigscience/bloom-560m,21,20,2865,0.694240837696335,5.486212914485166,3.0
bigscience/bloom-560m,22,21,2865,0.6387434554973822,6.148342059336824,4.0
bigscience/bloom-560m,23,22,2865,0.6603839441535777,5.833158813263525,4.0
bigscience/bloom-560m,24,23,2865,0.7040139616055846,5.398952879581151,3.0
gpt2,1,0,2865,0.71239092495637,4.787434554973822,3.0
gpt2,2,1,2865,0.7109947643979058,5.098429319371728,4.0
gpt2,3,2,2865,0.7535776614310645,4.647469458987784,3.0
gpt2,4,3,2865,0.7720767888307155,4.536823734729494,3.0
gpt2,5,4,2865,0.7787085514834206,4.419895287958116,3.0
gpt2,6,5,2865,0.7678883071553229,4.479232111692845,3.0
gpt2,7,6,2865,0.7696335078534031,4.47085514834206,3.0
gpt2,8,7,2865,0.7162303664921466,5.124607329842932,3.0
gpt2,9,8,2865,0.699825479930192,5.378010471204188,4.0
gpt2,10,9,2865,0.6952879581151833,5.377312390924956,3.0
gpt2,11,10,2865,0.6226876090750436,6.101221640488657,4.0
gpt2,12,11,2865,0.6296684118673648,6.290052356020943,4.0
gpt2-large,1,0,2865,0.5821989528795811,6.4181500872600346,4.0
gpt2-large,2,1,2865,0.6917975567190227,5.176614310645724,4.0
gpt2-large,3,2,2865,0.6509598603839442,5.635602094240838,4.0
gpt2-large,4,3,2865,0.6931937172774869,5.17347294938918,4.0
gpt2-large,5,4,2865,0.7033158813263525,5.132984293193717,3.0
gpt2-large,6,5,2865,0.6987783595113438,5.188132635253054,4.0
gpt2-large,7,6,2865,0.6949389179755672,5.171378708551483,4.0
gpt2-large,8,7,2865,0.7022687609075043,5.102268760907505,4.0
gpt2-large,9,8,2865,0.743455497382199,4.720767888307155,3.0
gpt2-large,10,9,2865,0.7427574171029668,4.823385689354276,3.0
gpt2-large,11,10,2865,0.7619546247818499,4.518324607329843,3.0
gpt2-large,12,11,2865,0.7602094240837697,4.621989528795812,3.0
gpt2-large,13,12,2865,0.7619546247818499,4.67434554973822,3.0
gpt2-large,14,13,2865,0.7766143106457243,4.504013961605585,3.0
gpt2-large,15,14,2865,0.7818499127399651,4.361605584642234,3.0
gpt2-large,16,15,2865,0.7930191972076789,4.280279232111693,3.0
gpt2-large,17,16,2865,0.7731239092495636,4.4041884816753925,3.0
gpt2-large,18,17,2865,0.768935427574171,4.576265270506108,3.0
gpt2-large,19,18,2865,0.7626527050610821,4.555322862129145,3.0
gpt2-large,20,19,2865,0.6945898778359512,5.237347294938918,3.0
gpt2-large,21,20,2865,0.7176265270506108,5.163350785340314,3.0
gpt2-large,22,21,2865,0.7235602094240837,5.308202443280977,3.0
gpt2-large,23,22,2865,0.6645724258289704,5.821640488656196,4.0
gpt2-large,24,23,2865,0.681326352530541,5.722862129144851,4.0
gpt2-large,25,24,2865,0.6719022687609075,5.9109947643979055,3.0
gpt2-large,26,25,2865,0.6834205933682374,5.732635253054101,3.0
gpt2-large,27,26,2865,0.6855148342059337,5.667364746945899,3.0
gpt2-large,28,27,2865,0.6478184991273996,6.0680628272251305,4.0
gpt2-large,29,28,2865,0.5916230366492147,6.960907504363002,4.0
gpt2-large,30,29,2865,0.5888307155322862,6.789179755671903,4.0
gpt2-large,31,30,2865,0.5905759162303665,6.934031413612566,4.0
gpt2-large,32,31,2865,0.6017452006980802,7.008726003490401,4.0
gpt2-large,33,32,2865,0.631413612565445,6.380802792321117,4.0
gpt2-large,34,33,2865,0.5633507853403141,7.369982547993019,5.0
gpt2-large,35,34,2865,0.5968586387434555,6.7511343804537525,4.0
gpt2-large,36,35,2865,0.5776614310645725,7.137521815008726,5.0
