model,item_id,construction,condition,subject_number,attractor_number,grammaticality,prefix,target_verb,correct_verb,incorrect_verb,correct_num_tokens,incorrect_num_tokens,logprob_correct,logprob_incorrect,logprob_difference,surprisal_correct,surprisal_incorrect,attention_layer,attention_entropy_bits,attention_entropy_normalized,attention_to_subject,attention_to_attractor,attention_num_heads_aggregated,target_token_count,target_query_token_index,attention_context_token_count
gpt2-large,1,PP,a,singular,singular,grammatical,The slogan on the poster unsurprisingly,was,was,were,1,1,-4.049738883972168,-9.459295272827148,5.4095563888549805,4.049738883972168,9.459295272827148,16,1.0240094661712646,0.3961408734321594,0.0595932975411415,0.0414692759513855,20,1,6,6
gpt2-large,1,PP,b,singular,plural,grammatical,The slogan on the posters unsurprisingly,was,was,were,1,1,-3.88011646270752,-7.469330310821533,3.5892138481140137,3.88011646270752,7.469330310821533,16,1.0183346271514893,0.3939456045627594,0.0590970329940319,0.0502226948738098,20,1,6,6
gpt2-large,1,PP,c,singular,singular,ungrammatical,The slogan on the poster unsurprisingly,were,was,were,1,1,-4.049738883972168,-9.459295272827148,5.4095563888549805,4.049738883972168,9.459295272827148,16,1.0165073871612549,0.3932387232780456,0.0739329904317855,0.039021972566843,20,1,6,6
gpt2-large,1,PP,d,singular,plural,ungrammatical,The slogan on the posters unsurprisingly,were,was,were,1,1,-3.88011646270752,-7.469330310821533,3.5892138481140137,3.88011646270752,7.469330310821533,16,1.0269639492034912,0.3972838521003723,0.067663662135601,0.0613163635134696,20,1,6,6
gpt2-large,1,PP,e,plural,singular,grammatical,The slogans on the poster unsurprisingly,were,were,was,1,1,-4.175328731536865,-7.599478244781494,3.424149513244629,4.175328731536865,7.599478244781494,16,1.013024091720581,0.391891211271286,0.0521014854311943,0.0299509409815073,20,1,6,6
gpt2-large,1,PP,f,plural,plural,grammatical,The slogans on the posters unsurprisingly,were,were,was,1,1,-4.009432315826416,-7.7375712394714355,3.72813892364502,4.009432315826416,7.7375712394714355,16,1.035748839378357,0.4006823003292084,0.052740354090929,0.0391734540462493,20,1,6,6
gpt2-large,1,PP,g,plural,singular,ungrammatical,The slogans on the poster unsurprisingly,was,were,was,1,1,-4.175328731536865,-7.599478244781494,3.424149513244629,4.175328731536865,7.599478244781494,16,1.0820062160491943,0.4185771346092224,0.0689094290137291,0.0576539039611816,20,1,6,6
gpt2-large,1,PP,h,plural,plural,ungrammatical,The slogans on the posters unsurprisingly,was,were,was,1,1,-4.009432315826416,-7.7375712394714355,3.72813892364502,4.009432315826416,7.7375712394714355,16,1.106740951538086,0.4281458258628845,0.0715075805783271,0.038499217480421,20,1,6,6
gpt2-large,2,PP,a,singular,singular,grammatical,The picture on the flier definitely,was,was,were,1,1,-4.398307800292969,-9.319764137268066,4.921456336975098,4.398307800292969,9.319764137268066,16,0.9794692993164062,0.3488940298557281,0.0394490286707878,0.0437230616807937,20,1,7,7
gpt2-large,2,PP,b,singular,plural,grammatical,The picture on the fliers definitely,was,was,were,1,1,-4.3737077713012695,-7.872556686401367,3.4988489151000977,4.3737077713012695,7.872556686401367,16,0.9810590744018556,0.3494603037834167,0.0387649610638618,0.0500698871910572,20,1,7,7
gpt2-large,2,PP,c,singular,singular,ungrammatical,The picture on the flier definitely,were,was,were,1,1,-4.398307800292969,-9.319764137268066,4.921456336975098,4.398307800292969,9.319764137268066,16,0.9335730671882628,0.3325454592704773,0.0470608547329902,0.0323009639978408,20,1,7,7
gpt2-large,2,PP,d,singular,plural,ungrammatical,The picture on the fliers definitely,were,was,were,1,1,-4.3737077713012695,-7.872556686401367,3.4988489151000977,4.3737077713012695,7.872556686401367,16,1.058232069015503,0.3769498765468597,0.0450930893421173,0.0515146143734455,20,1,7,7
gpt2-large,2,PP,e,plural,singular,grammatical,The pictures on the flier definitely,were,were,was,1,1,-4.515983581542969,-7.993929386138916,3.4779458045959477,4.515983581542969,7.993929386138916,16,0.9505251049995422,0.3385838270187378,0.034859299659729,0.0387350507080554,20,1,7,7
gpt2-large,2,PP,f,plural,plural,grammatical,The pictures on the fliers definitely,were,were,was,1,1,-4.250432014465332,-7.757076263427734,3.5066442489624023,4.250432014465332,7.757076263427734,16,1.0165454149246216,0.3621007800102234,0.0356432534754276,0.0486537255346775,20,1,7,7
gpt2-large,2,PP,g,plural,singular,ungrammatical,The pictures on the flier definitely,was,were,was,1,1,-4.515983581542969,-7.993929386138916,3.4779458045959477,4.515983581542969,7.993929386138916,16,0.977159857749939,0.3480713963508606,0.0309810694307088,0.0384204275906086,20,1,7,7
gpt2-large,2,PP,h,plural,plural,ungrammatical,The pictures on the fliers definitely,was,were,was,1,1,-4.250432014465332,-7.757076263427734,3.5066442489624023,4.250432014465332,7.757076263427734,16,0.9773334264755248,0.3481332063674927,0.0306482277810573,0.0422109887003898,20,1,7,7
gpt2-large,3,PP,a,singular,singular,grammatical,The mistake in the program certainly,was,was,were,1,1,-2.418748378753662,-8.22739028930664,5.8086419105529785,2.418748378753662,8.22739028930664,16,1.0473933219909668,0.4051869809627533,0.0542922504246234,0.0625520572066307,20,1,6,6
gpt2-large,3,PP,b,singular,plural,grammatical,The mistake in the programs certainly,was,was,were,1,1,-2.3746538162231445,-6.084717750549316,3.710063934326172,2.3746538162231445,6.084717750549316,16,1.0645902156829834,0.4118396639823913,0.059076189994812,0.0641455948352813,20,1,6,6
gpt2-large,3,PP,c,singular,singular,ungrammatical,The mistake in the program certainly,were,was,were,1,1,-2.418748378753662,-8.22739028930664,5.8086419105529785,2.418748378753662,8.22739028930664,16,0.9590885043144226,0.3710260689258575,0.0552303120493888,0.0366935580968856,20,1,6,6
gpt2-large,3,PP,d,singular,plural,ungrammatical,The mistake in the programs certainly,were,was,were,1,1,-2.3746538162231445,-6.084717750549316,3.710063934326172,2.3746538162231445,6.084717750549316,16,1.0127108097076416,0.3917700052261352,0.0511887073516845,0.0670561641454696,20,1,6,6
gpt2-large,3,PP,e,plural,singular,grammatical,The mistakes in the program certainly,were,were,was,1,1,-3.148178577423096,-6.921361923217773,3.7731833457946777,3.148178577423096,6.921361923217773,16,1.018622636795044,0.3940569758415222,0.0465642884373664,0.0509341545403003,20,1,6,6
gpt2-large,3,PP,f,plural,plural,grammatical,The mistakes in the programs certainly,were,were,was,1,1,-3.2411296367645264,-6.855369567871094,3.614239931106568,3.2411296367645264,6.855369567871094,16,1.0510872602462769,0.406616061925888,0.0465373694896698,0.052029263228178,20,1,6,6
gpt2-large,3,PP,g,plural,singular,ungrammatical,The mistakes in the program certainly,was,were,was,1,1,-3.148178577423096,-6.921361923217773,3.7731833457946777,3.148178577423096,6.921361923217773,16,1.0136291980743408,0.3921253085136413,0.0401649549603462,0.0471892729401588,20,1,6,6
gpt2-large,3,PP,h,plural,plural,ungrammatical,The mistakes in the programs certainly,was,were,was,1,1,-3.2411296367645264,-6.855369567871094,3.614239931106568,3.2411296367645264,6.855369567871094,16,1.0176118612289429,0.3936660289764404,0.0429003313183784,0.0407013371586799,20,1,6,6
gpt2-large,4,PP,a,singular,singular,grammatical,The label on the container probably,was,was,were,1,1,-4.058430671691895,-7.927702903747559,3.869272232055664,4.058430671691895,7.927702903747559,16,0.9143956899642944,0.35373654961586,0.0406404361128807,0.0197935961186885,20,1,6,6
gpt2-large,4,PP,b,singular,plural,grammatical,The label on the containers probably,was,was,were,1,1,-3.988181591033936,-5.4422926902771,1.454111099243164,3.988181591033936,5.4422926902771,16,0.9167596697807312,0.3546510636806488,0.037769578397274,0.0227479506283998,20,1,6,6
gpt2-large,4,PP,c,singular,singular,ungrammatical,The label on the container probably,were,was,were,1,1,-4.058430671691895,-7.927702903747559,3.869272232055664,4.058430671691895,7.927702903747559,16,0.9063289761543274,0.350615918636322,0.0447171404957771,0.0210665427148342,20,1,6,6
gpt2-large,4,PP,d,singular,plural,ungrammatical,The label on the containers probably,were,was,were,1,1,-3.988181591033936,-5.4422926902771,1.454111099243164,3.988181591033936,5.4422926902771,16,0.9129066467285156,0.3531604707241058,0.0373258367180824,0.0280682798475027,20,1,6,6
gpt2-large,4,PP,e,plural,singular,grammatical,The labels on the container probably,were,were,was,1,1,-3.9317028522491455,-7.308874130249023,3.377171277999878,3.9317028522491455,7.308874130249023,16,0.9312386512756348,0.3602522909641266,0.0425391010940074,0.0194950066506862,20,1,6,6
gpt2-large,4,PP,f,plural,plural,grammatical,The labels on the containers probably,were,were,was,1,1,-3.5800955295562744,-7.395867347717285,3.8157718181610103,3.5800955295562744,7.395867347717285,16,0.9228067398071288,0.3569903373718261,0.0379822812974453,0.0219777412712574,20,1,6,6
gpt2-large,4,PP,g,plural,singular,ungrammatical,The labels on the container probably,was,were,was,1,1,-3.9317028522491455,-7.308874130249023,3.377171277999878,3.9317028522491455,7.308874130249023,16,1.0119574069976809,0.3914785385131836,0.0543177239596843,0.0206588171422481,20,1,6,6
gpt2-large,4,PP,h,plural,plural,ungrammatical,The labels on the containers probably,was,were,was,1,1,-3.5800955295562744,-7.395867347717285,3.8157718181610103,3.5800955295562744,7.395867347717285,16,1.0083621740341189,0.390087753534317,0.051987312734127,0.0240195542573928,20,1,6,6
gpt2-large,5,PP,a,singular,singular,grammatical,The problem in the store ultimately,was,was,were,1,1,-2.174483299255371,-7.703977584838867,5.529494285583496,2.174483299255371,7.703977584838867,16,0.933383584022522,0.3610820174217224,0.0496251210570335,0.0449009165167808,20,1,6,6
gpt2-large,5,PP,b,singular,plural,grammatical,The problem in the stores ultimately,was,was,were,1,1,-2.644202709197998,-6.925068378448486,4.280865669250488,2.644202709197998,6.925068378448486,16,0.9230519533157348,0.3570851981639862,0.0465271100401878,0.0493694953620433,20,1,6,6
gpt2-large,5,PP,c,singular,singular,ungrammatical,The problem in the store ultimately,were,was,were,1,1,-2.174483299255371,-7.703977584838867,5.529494285583496,2.174483299255371,7.703977584838867,16,0.9652736783027648,0.373418778181076,0.0619434528052806,0.0449110493063926,20,1,6,6
gpt2-large,5,PP,d,singular,plural,ungrammatical,The problem in the stores ultimately,were,was,were,1,1,-2.644202709197998,-6.925068378448486,4.280865669250488,2.644202709197998,6.925068378448486,16,0.9998071789741516,0.3867782056331634,0.05186153575778,0.0585895180702209,20,1,6,6
gpt2-large,5,PP,e,plural,singular,grammatical,The problems in the store ultimately,were,were,was,1,1,-3.766978263854981,-6.467992782592773,2.701014518737793,3.766978263854981,6.467992782592773,16,0.8960769772529602,0.3466498255729675,0.0429648384451866,0.0404371581971645,20,1,6,6
gpt2-large,5,PP,f,plural,plural,grammatical,The problems in the stores ultimately,were,were,was,1,1,-3.7072720527648926,-6.378911018371582,2.671638965606689,3.7072720527648926,6.378911018371582,16,0.9110671281814576,0.3524488806724548,0.0415435992181301,0.0392717793583869,20,1,6,6
gpt2-large,5,PP,g,plural,singular,ungrammatical,The problems in the store ultimately,was,were,was,1,1,-3.766978263854981,-6.467992782592773,2.701014518737793,3.766978263854981,6.467992782592773,16,1.0428216457366943,0.403418481349945,0.0518531277775764,0.0465327836573123,20,1,6,6
gpt2-large,5,PP,h,plural,plural,ungrammatical,The problems in the stores ultimately,was,were,was,1,1,-3.7072720527648926,-6.378911018371582,2.671638965606689,3.7072720527648926,6.378911018371582,16,1.0011754035949707,0.3873074948787689,0.0532604232430458,0.0354140549898147,20,1,6,6
gpt2-large,6,PP,a,singular,singular,grammatical,The name on the billboard probably,was,was,were,1,1,-4.378156661987305,-10.086836814880373,5.708680152893066,4.378156661987305,10.086836814880373,16,0.891278862953186,0.3447937071323395,0.0356855206191539,0.0357412733137607,20,1,6,6
gpt2-large,6,PP,b,singular,plural,grammatical,The name on the billboards probably,was,was,were,1,1,-4.524060726165772,-8.719959259033203,4.195898532867432,4.524060726165772,8.719959259033203,16,0.9075919389724731,0.3511044383049011,0.0361345112323761,0.0379734933376312,20,1,6,6
gpt2-large,6,PP,c,singular,singular,ungrammatical,The name on the billboard probably,were,was,were,1,1,-4.378156661987305,-10.086836814880373,5.708680152893066,4.378156661987305,10.086836814880373,16,0.8647502064704895,0.3345310091972351,0.0461120977997779,0.0245121829211711,20,1,6,6
gpt2-large,6,PP,d,singular,plural,ungrammatical,The name on the billboards probably,were,was,were,1,1,-4.524060726165772,-8.719959259033203,4.195898532867432,4.524060726165772,8.719959259033203,16,0.9058168530464172,0.3504177927970886,0.0445897094905376,0.0403698310256004,20,1,6,6
gpt2-large,6,PP,e,plural,singular,grammatical,The names on the billboard probably,were,were,was,1,1,-4.53639030456543,-8.20141887664795,3.66502857208252,4.53639030456543,8.20141887664795,16,0.8891814351081848,0.3439822793006897,0.0433826670050621,0.0268281362950801,20,1,6,6
gpt2-large,6,PP,f,plural,plural,grammatical,The names on the billboards probably,were,were,was,1,1,-4.478971481323242,-8.458966255187988,3.979994773864746,4.478971481323242,8.458966255187988,16,0.898417592048645,0.3475553393363952,0.0410930439829826,0.0309347119182348,20,1,6,6
gpt2-large,6,PP,g,plural,singular,ungrammatical,The names on the billboard probably,was,were,was,1,1,-4.53639030456543,-8.20141887664795,3.66502857208252,4.53639030456543,8.20141887664795,16,1.0397131443023682,0.4022159576416015,0.0407234728336334,0.0541244149208068,20,1,6,6
gpt2-large,6,PP,h,plural,plural,ungrammatical,The names on the billboards probably,was,were,was,1,1,-4.478971481323242,-8.458966255187988,3.979994773864746,4.478971481323242,8.458966255187988,16,1.0518848896026611,0.4069245755672455,0.0422644428908824,0.0433286800980567,20,1,6,6
gpt2-large,7,PP,a,singular,singular,grammatical,The crime in the suburb doubtlessly,was,was,were,1,1,-2.7153358459472656,-8.243551254272461,5.528215408325195,2.7153358459472656,8.243551254272461,16,1.0583590269088743,0.3769950866699219,0.0715598836541175,0.0356605537235736,20,1,7,7
gpt2-large,7,PP,b,singular,plural,grammatical,The crime in the suburbs doubtlessly,was,was,were,1,1,-2.9112658500671387,-7.731095790863037,4.819829940795898,2.9112658500671387,7.731095790863037,16,1.0273820161819458,0.3659607768058777,0.0679219365119934,0.0314754173159599,20,1,7,7
gpt2-large,7,PP,c,singular,singular,ungrammatical,The crime in the suburb doubtlessly,were,was,were,1,1,-2.7153358459472656,-8.243551254272461,5.528215408325195,2.7153358459472656,8.243551254272461,16,1.0380804538726809,0.3697717487812042,0.0700880512595176,0.0341540798544883,20,1,7,7
gpt2-large,7,PP,d,singular,plural,ungrammatical,The crime in the suburbs doubtlessly,were,was,were,1,1,-2.9112658500671387,-7.731095790863037,4.819829940795898,2.9112658500671387,7.731095790863037,16,1.0334631204605105,0.3681270480155945,0.0636549368500709,0.0315242893993854,20,1,7,7
gpt2-large,7,PP,e,plural,singular,grammatical,The crimes in the suburb doubtlessly,were,were,was,1,1,-3.1113877296447754,-7.11189603805542,4.0005083084106445,3.1113877296447754,7.11189603805542,16,1.0530810356140137,0.3751150071620941,0.0630566328763961,0.0365514680743217,20,1,7,7
gpt2-large,7,PP,f,plural,plural,grammatical,The crimes in the suburbs doubtlessly,were,were,was,1,1,-3.239724636077881,-7.247694492340088,4.007969856262207,3.239724636077881,7.247694492340088,16,1.0511696338653564,0.3744341433048248,0.0579180307686328,0.0353076085448265,20,1,7,7
gpt2-large,7,PP,g,plural,singular,ungrammatical,The crimes in the suburb doubtlessly,was,were,was,1,1,-3.1113877296447754,-7.11189603805542,4.0005083084106445,3.1113877296447754,7.11189603805542,16,1.0273395776748655,0.3659457564353943,0.0465118288993835,0.0398026816546916,20,1,7,7
gpt2-large,7,PP,h,plural,plural,ungrammatical,The crimes in the suburbs doubtlessly,was,were,was,1,1,-3.239724636077881,-7.247694492340088,4.007969856262207,3.239724636077881,7.247694492340088,16,0.9801645278930664,0.3491416871547699,0.0428758151829242,0.0298279728740453,20,1,7,7
gpt2-large,8,PP,a,singular,singular,grammatical,The defect in the appliance likely,was,was,were,1,1,-3.085224151611328,-8.40549087524414,5.3202667236328125,3.085224151611328,8.40549087524414,16,0.9281137585639954,0.3590433895587921,0.0439213030040264,0.0228510666638612,20,1,6,6
gpt2-large,8,PP,b,singular,plural,grammatical,The defect in the appliances likely,was,was,were,1,1,-3.293776273727417,-6.791706085205078,3.497929811477661,3.293776273727417,6.791706085205078,16,0.9660091400146484,0.3737033307552337,0.0428724996745586,0.0255231000483036,20,1,6,6
gpt2-large,8,PP,c,singular,singular,ungrammatical,The defect in the appliance likely,were,was,were,1,1,-3.085224151611328,-8.40549087524414,5.3202667236328125,3.085224151611328,8.40549087524414,16,0.8629315495491028,0.3338274657726288,0.0431922860443592,0.0221635699272155,20,1,6,6
gpt2-large,8,PP,d,singular,plural,ungrammatical,The defect in the appliances likely,were,was,were,1,1,-3.293776273727417,-6.791706085205078,3.497929811477661,3.293776273727417,6.791706085205078,16,0.9865421056747437,0.3816465735435486,0.0438745133578777,0.0428158417344093,20,1,6,6
gpt2-large,8,PP,e,plural,singular,grammatical,The defects in the appliance likely,were,were,was,1,1,-3.1594700813293457,-6.266047954559326,3.1065778732299805,3.1594700813293457,6.266047954559326,16,0.8833853006362915,0.341740071773529,0.0369152165949344,0.0212388224899768,20,1,6,6
gpt2-large,8,PP,f,plural,plural,grammatical,The defects in the appliances likely,were,were,was,1,1,-3.2177557945251465,-6.359894752502441,3.142138957977295,3.2177557945251465,6.359894752502441,16,0.9339393377304076,0.3612970411777496,0.0349947810173034,0.0280582159757614,20,1,6,6
gpt2-large,8,PP,g,plural,singular,ungrammatical,The defects in the appliance likely,was,were,was,1,1,-3.1594700813293457,-6.266047954559326,3.1065778732299805,3.1594700813293457,6.266047954559326,16,0.9347487688064576,0.3616101741790771,0.0345268361270427,0.02577780559659,20,1,6,6
gpt2-large,8,PP,h,plural,plural,ungrammatical,The defects in the appliances likely,was,were,was,1,1,-3.2177557945251465,-6.359894752502441,3.142138957977295,3.2177557945251465,6.359894752502441,16,0.9428685307502748,0.3647513091564178,0.0356555134057998,0.0234485510736703,20,1,6,6
gpt2-large,9,PP,a,singular,singular,grammatical,The citation on the notecard unfortunately,was,was,were,1,1,-3.494800090789795,-8.064798355102539,4.569998264312744,3.494800090789795,8.064798355102539,16,1.2274110317230225,0.4091370105743408,0.0606954395771026,0.0548078529536724,20,1,8,8
gpt2-large,9,PP,b,singular,plural,grammatical,The citation on the notecards unfortunately,was,was,were,1,1,-3.4933407306671143,-6.752994537353516,3.2596538066864014,3.4933407306671143,6.752994537353516,16,1.193800687789917,0.3979335427284241,0.0597083568572998,0.048789020627737,20,1,8,8
gpt2-large,9,PP,c,singular,singular,ungrammatical,The citation on the notecard unfortunately,were,was,were,1,1,-3.494800090789795,-8.064798355102539,4.569998264312744,3.494800090789795,8.064798355102539,16,1.200069785118103,0.4000232219696045,0.0519386716187,0.0573960617184639,20,1,8,8
gpt2-large,9,PP,d,singular,plural,ungrammatical,The citation on the notecards unfortunately,were,was,were,1,1,-3.4933407306671143,-6.752994537353516,3.2596538066864014,3.4933407306671143,6.752994537353516,16,1.2313963174819946,0.4104653894901275,0.0515552535653114,0.0512531772255897,20,1,8,8
gpt2-large,9,PP,e,plural,singular,grammatical,The citations on the notecard unfortunately,were,were,was,1,1,-3.2416675090789795,-7.136608123779297,3.894940614700317,3.2416675090789795,7.136608123779297,16,1.231048345565796,0.4103494584560394,0.0601694881916046,0.061179619282484,20,1,8,8
gpt2-large,9,PP,f,plural,plural,grammatical,The citations on the notecards unfortunately,were,were,was,1,1,-3.1979966163635254,-7.06251859664917,3.864521980285645,3.1979966163635254,7.06251859664917,16,1.2108787298202517,0.4036262631416321,0.0578316338360309,0.0540075413882732,20,1,8,8
gpt2-large,9,PP,g,plural,singular,ungrammatical,The citations on the notecard unfortunately,was,were,was,1,1,-3.2416675090789795,-7.136608123779297,3.894940614700317,3.2416675090789795,7.136608123779297,16,1.2789219617843628,0.4263072907924652,0.0745395049452781,0.0639523789286613,20,1,8,8
gpt2-large,9,PP,h,plural,plural,ungrammatical,The citations on the notecards unfortunately,was,were,was,1,1,-3.1979966163635254,-7.06251859664917,3.864521980285645,3.1979966163635254,7.06251859664917,16,1.205790877342224,0.4019302725791931,0.0713728293776512,0.059305477887392,20,1,8,8
gpt2-large,10,PP,a,singular,singular,grammatical,The advertisement on the skyscraper typically,was,was,were,1,1,-5.150233268737793,-8.771732330322266,3.6214990615844727,5.150233268737793,8.771732330322266,16,1.0394480228424072,0.3702588975429535,0.0542406924068927,0.0316836163401603,20,1,7,7
gpt2-large,10,PP,b,singular,plural,grammatical,The advertisement on the skyscrapers typically,was,was,were,1,1,-5.079241752624512,-6.791044235229492,1.7118024826049805,5.079241752624512,6.791044235229492,16,1.106337547302246,0.368779182434082,0.0576081052422523,0.0425700023770332,20,1,8,8
gpt2-large,10,PP,c,singular,singular,ungrammatical,The advertisement on the skyscraper typically,were,was,were,1,1,-5.150233268737793,-8.771732330322266,3.6214990615844727,5.150233268737793,8.771732330322266,16,1.0111254453659058,0.3601701855659485,0.0625718608498573,0.0354095995426178,20,1,7,7
gpt2-large,10,PP,d,singular,plural,ungrammatical,The advertisement on the skyscrapers typically,were,was,were,1,1,-5.079241752624512,-6.791044235229492,1.7118024826049805,5.079241752624512,6.791044235229492,16,1.1596180200576782,0.3865393102169037,0.0639375299215316,0.042764376848936,20,1,8,8
gpt2-large,10,PP,e,plural,singular,grammatical,The advertisements on the skyscraper typically,were,were,was,1,1,-4.498162269592285,-8.444668769836426,3.9465065002441406,4.498162269592285,8.444668769836426,16,1.0085824728012085,0.3592643439769745,0.0490746684372425,0.0319010391831398,20,1,7,7
gpt2-large,10,PP,f,plural,plural,grammatical,The advertisements on the skyscrapers typically,were,were,was,1,1,-4.268710136413574,-8.479544639587402,4.210834503173828,4.268710136413574,8.479544639587402,16,1.0787169933319092,0.3595722913742065,0.0497504547238349,0.0379175022244453,20,1,8,8
gpt2-large,10,PP,g,plural,singular,ungrammatical,The advertisements on the skyscraper typically,was,were,was,1,1,-4.498162269592285,-8.444668769836426,3.9465065002441406,4.498162269592285,8.444668769836426,16,0.9866052865982056,0.351435899734497,0.0601978525519371,0.0331181772053241,20,1,7,7
gpt2-large,10,PP,h,plural,plural,ungrammatical,The advertisements on the skyscrapers typically,was,were,was,1,1,-4.268710136413574,-8.479544639587402,4.210834503173828,4.268710136413574,8.479544639587402,16,1.0080413818359375,0.3360137641429901,0.0616901628673076,0.0388516709208488,20,1,8,8
gpt2-large,11,PP,a,singular,singular,grammatical,The traitor in the camp regrettably,was,was,were,1,1,-3.7006232738494873,-8.232603073120117,4.53197979927063,3.7006232738494873,8.232603073120117,16,1.066308856010437,0.3798268735408783,0.069189503788948,0.0299060735851526,20,1,7,7
gpt2-large,11,PP,b,singular,plural,grammatical,The traitor in the camps regrettably,was,was,were,1,1,-3.689448595046997,-7.814460754394531,4.125012159347534,3.689448595046997,7.814460754394531,16,1.0497524738311768,0.373929351568222,0.0686035603284835,0.03091861307621,20,1,7,7
gpt2-large,11,PP,c,singular,singular,ungrammatical,The traitor in the camp regrettably,were,was,were,1,1,-3.7006232738494873,-8.232603073120117,4.53197979927063,3.7006232738494873,8.232603073120117,16,1.0242478847503662,0.3648445010185241,0.0513290874660015,0.0257918238639831,20,1,7,7
gpt2-large,11,PP,d,singular,plural,ungrammatical,The traitor in the camps regrettably,were,was,were,1,1,-3.689448595046997,-7.814460754394531,4.125012159347534,3.689448595046997,7.814460754394531,16,1.058430790901184,0.3770205974578857,0.0504167862236499,0.0381956957280635,20,1,7,7
gpt2-large,11,PP,e,plural,singular,grammatical,The traitors in the camp regrettably,were,were,was,1,1,-3.988391160964966,-8.035643577575684,4.047252416610718,3.988391160964966,8.035643577575684,16,1.106308937072754,0.3687696754932403,0.0632278621196746,0.0300262682139873,20,1,8,8
gpt2-large,11,PP,f,plural,plural,grammatical,The traitors in the camps regrettably,were,were,was,1,1,-3.874873638153076,-8.214722633361816,4.33984899520874,3.874873638153076,8.214722633361816,16,1.1222296953201294,0.3740765452384949,0.0618983507156372,0.0363669283688068,20,1,8,8
gpt2-large,11,PP,g,plural,singular,ungrammatical,The traitors in the camp regrettably,was,were,was,1,1,-3.988391160964966,-8.035643577575684,4.047252416610718,3.988391160964966,8.035643577575684,16,1.059215784072876,0.3530719578266144,0.0737769827246666,0.0226212497800588,20,1,8,8
gpt2-large,11,PP,h,plural,plural,ungrammatical,The traitors in the camps regrettably,was,were,was,1,1,-3.874873638153076,-8.214722633361816,4.33984899520874,3.874873638153076,8.214722633361816,16,1.0177688598632812,0.3392562866210937,0.0707570761442184,0.0197452642023563,20,1,8,8
gpt2-large,12,PP,a,singular,singular,grammatical,The flaw in the argument usually,was,was,were,1,1,-6.226049900054932,-10.966400146484377,4.740350246429443,6.226049900054932,10.966400146484377,16,1.0471206903457642,0.4050815105438232,0.0465631075203418,0.0845452547073364,20,1,6,6
gpt2-large,12,PP,b,singular,plural,grammatical,The flaw in the arguments usually,was,was,were,1,1,-5.780946731567383,-8.263140678405762,2.482193946838379,5.780946731567383,8.263140678405762,16,1.0720454454421997,0.4147237241268158,0.0471814200282096,0.0823508650064468,20,1,6,6
gpt2-large,12,PP,c,singular,singular,ungrammatical,The flaw in the argument usually,were,was,were,1,1,-6.226049900054932,-10.966400146484377,4.740350246429443,6.226049900054932,10.966400146484377,16,0.9985691905021667,0.3862992823123932,0.0504545681178569,0.0608006045222282,20,1,6,6
gpt2-large,12,PP,d,singular,plural,ungrammatical,The flaw in the arguments usually,were,was,were,1,1,-5.780946731567383,-8.263140678405762,2.482193946838379,5.780946731567383,8.263140678405762,16,1.1071981191635132,0.4283227324485779,0.0497447028756141,0.0851459354162216,20,1,6,6
gpt2-large,12,PP,e,plural,singular,grammatical,The flaws in the argument usually,were,were,was,1,1,-6.485903739929199,-9.195855140686035,2.709951400756836,6.485903739929199,9.195855140686035,16,0.9742949604988098,0.3769087195396423,0.0385203473269939,0.0600828230381011,20,1,6,6
gpt2-large,12,PP,f,plural,plural,grammatical,The flaws in the arguments usually,were,were,was,1,1,-5.634139060974121,-8.522852897644043,2.888713836669922,5.634139060974121,8.522852897644043,16,1.006322145462036,0.3892984688282013,0.0391270518302917,0.0554830618202686,20,1,6,6
gpt2-large,12,PP,g,plural,singular,ungrammatical,The flaws in the argument usually,was,were,was,1,1,-6.485903739929199,-9.195855140686035,2.709951400756836,6.485903739929199,9.195855140686035,16,1.043912410736084,0.4038404524326324,0.043033879250288,0.0832783430814743,20,1,6,6
gpt2-large,12,PP,h,plural,plural,ungrammatical,The flaws in the arguments usually,was,were,was,1,1,-5.634139060974121,-8.522852897644043,2.888713836669922,5.634139060974121,8.522852897644043,16,1.0536856651306152,0.4076212048530578,0.0461382046341896,0.0597811639308929,20,1,6,6
gpt2-large,13,PP,a,singular,singular,grammatical,The door to the laboratory accidentally,was,was,were,1,1,-4.619599342346191,-9.300402641296388,4.680803298950195,4.619599342346191,9.300402641296388,16,0.9753332138061525,0.3773103952407837,0.0389192923903465,0.0208012238144874,20,1,6,6
gpt2-large,13,PP,b,singular,plural,grammatical,The door to the laboratories accidentally,was,was,were,1,1,-4.68482780456543,-8.758308410644531,4.073480606079102,4.68482780456543,8.758308410644531,16,1.0238322019577026,0.3960723280906677,0.0385767146944999,0.0289213471114635,20,1,6,6
gpt2-large,13,PP,c,singular,singular,ungrammatical,The door to the laboratory accidentally,were,was,were,1,1,-4.619599342346191,-9.300402641296388,4.680803298950195,4.619599342346191,9.300402641296388,16,0.9362372159957886,0.3621859550476074,0.036516960710287,0.0186199825257062,20,1,6,6
gpt2-large,13,PP,d,singular,plural,ungrammatical,The door to the laboratories accidentally,were,was,were,1,1,-4.68482780456543,-8.758308410644531,4.073480606079102,4.68482780456543,8.758308410644531,16,1.037387132644653,0.4013161063194275,0.0376072227954864,0.0309718940407037,20,1,6,6
gpt2-large,13,PP,e,plural,singular,grammatical,The doors to the laboratory accidentally,were,were,was,1,1,-4.5270280838012695,-7.700217247009277,3.173189163208008,4.5270280838012695,7.700217247009277,16,0.9609007835388184,0.3717271685600281,0.0357520915567874,0.0220505446195602,20,1,6,6
gpt2-large,13,PP,f,plural,plural,grammatical,The doors to the laboratories accidentally,were,were,was,1,1,-4.514028072357178,-7.797513484954834,3.283485412597656,4.514028072357178,7.797513484954834,16,1.006473183631897,0.3893569409847259,0.0343766547739505,0.0291478279978036,20,1,6,6
gpt2-large,13,PP,g,plural,singular,ungrammatical,The doors to the laboratory accidentally,was,were,was,1,1,-4.5270280838012695,-7.700217247009277,3.173189163208008,4.5270280838012695,7.700217247009277,16,0.955288290977478,0.3695559501647949,0.0439366325736045,0.0233449824154377,20,1,6,6
gpt2-large,13,PP,h,plural,plural,ungrammatical,The doors to the laboratories accidentally,was,were,was,1,1,-4.514028072357178,-7.797513484954834,3.283485412597656,4.514028072357178,7.797513484954834,16,0.9715692400932312,0.3758542537689209,0.0448425039649009,0.0271549466997385,20,1,6,6
gpt2-large,14,PP,a,singular,singular,grammatical,The memo from the supervisor unfortunately,was,was,were,1,1,-3.701977014541626,-8.179877281188965,4.477900266647339,3.701977014541626,8.179877281188965,16,1.1074671745300293,0.4284267425537109,0.0534616224467754,0.0325824506580829,20,1,6,6
gpt2-large,14,PP,b,singular,plural,grammatical,The memo from the supervisors unfortunately,was,was,were,1,1,-3.9868011474609375,-7.305351257324219,3.318550109863281,3.9868011474609375,7.305351257324219,16,1.0739984512329102,0.4154792726039886,0.0530608966946601,0.0245577059686183,20,1,6,6
gpt2-large,14,PP,c,singular,singular,ungrammatical,The memo from the supervisor unfortunately,were,was,were,1,1,-3.701977014541626,-8.179877281188965,4.477900266647339,3.701977014541626,8.179877281188965,16,1.0020421743392944,0.3876428306102752,0.0452724881470203,0.020143125206232,20,1,6,6
gpt2-large,14,PP,d,singular,plural,ungrammatical,The memo from the supervisors unfortunately,were,was,were,1,1,-3.9868011474609375,-7.305351257324219,3.318550109863281,3.9868011474609375,7.305351257324219,16,1.0411971807479858,0.4027899801731109,0.0443524718284606,0.0237009730190038,20,1,6,6
gpt2-large,14,PP,e,plural,singular,grammatical,The memos from the supervisor unfortunately,were,were,was,1,1,-3.4004385471343994,-6.004578590393066,2.604140043258667,3.4004385471343994,6.004578590393066,16,1.1386983394622805,0.4405086636543274,0.0522478520870208,0.0312853157520294,20,1,6,6
gpt2-large,14,PP,f,plural,plural,grammatical,The memos from the supervisors unfortunately,were,were,was,1,1,-3.58674955368042,-6.342878341674805,2.7561287879943848,3.58674955368042,6.342878341674805,16,1.0898001194000244,0.4215922355651855,0.0473694913089275,0.0274601783603429,20,1,6,6
gpt2-large,14,PP,g,plural,singular,ungrammatical,The memos from the supervisor unfortunately,was,were,was,1,1,-3.4004385471343994,-6.004578590393066,2.604140043258667,3.4004385471343994,6.004578590393066,16,1.1050920486450195,0.4275079667568207,0.0633823275566101,0.0500361993908882,20,1,6,6
gpt2-large,14,PP,h,plural,plural,ungrammatical,The memos from the supervisors unfortunately,was,were,was,1,1,-3.58674955368042,-6.342878341674805,2.7561287879943848,3.58674955368042,6.342878341674805,16,1.0778920650482178,0.4169855117797851,0.0666057243943214,0.0335986986756324,20,1,6,6
gpt2-large,15,PP,a,singular,singular,grammatical,The check from the stockbroker happily,was,was,were,1,1,-5.760006427764893,-10.06039810180664,4.300391674041748,5.760006427764893,10.06039810180664,16,1.122531175613403,0.3741770982742309,0.0379107221961021,0.0435574799776077,20,1,8,8
gpt2-large,15,PP,b,singular,plural,grammatical,The check from the stockbrokers happily,was,was,were,1,1,-5.811819076538086,-9.655847549438477,3.844028472900391,5.811819076538086,9.655847549438477,16,1.1010370254516602,0.3670122623443603,0.0353318862617015,0.0386380404233932,20,1,8,8
gpt2-large,15,PP,c,singular,singular,ungrammatical,The check from the stockbroker happily,were,was,were,1,1,-5.760006427764893,-10.06039810180664,4.300391674041748,5.760006427764893,10.06039810180664,16,1.089909315109253,0.3633030951023102,0.0345429889857769,0.0357518829405307,20,1,8,8
gpt2-large,15,PP,d,singular,plural,ungrammatical,The check from the stockbrokers happily,were,was,were,1,1,-5.811819076538086,-9.655847549438477,3.844028472900391,5.811819076538086,9.655847549438477,16,1.0981935262680054,0.3660645484924316,0.0353553369641304,0.0339495092630386,20,1,8,8
gpt2-large,15,PP,e,plural,singular,grammatical,The checks from the stockbroker happily,were,were,was,1,1,-5.759323120117188,-7.822221755981445,2.062898635864258,5.759323120117188,7.822221755981445,16,1.0705047845840454,0.3568348884582519,0.0252701789140701,0.0369310304522514,20,1,8,8
gpt2-large,15,PP,f,plural,plural,grammatical,The checks from the stockbrokers happily,were,were,was,1,1,-5.917361736297607,-7.761934280395508,1.8445725440979004,5.917361736297607,7.761934280395508,16,1.0517206192016602,0.3505735099315643,0.0230529643595218,0.0334790833294391,20,1,8,8
gpt2-large,15,PP,g,plural,singular,ungrammatical,The checks from the stockbroker happily,was,were,was,1,1,-5.759323120117188,-7.822221755981445,2.062898635864258,5.759323120117188,7.822221755981445,16,1.110649824142456,0.3702166080474853,0.0328867696225643,0.0422048233449459,20,1,8,8
gpt2-large,15,PP,h,plural,plural,ungrammatical,The checks from the stockbrokers happily,was,were,was,1,1,-5.917361736297607,-7.761934280395508,1.8445725440979004,5.917361736297607,7.761934280395508,16,1.092301368713379,0.3641004562377929,0.0309818927198648,0.0417587533593177,20,1,8,8
gpt2-large,16,PP,a,singular,singular,grammatical,The key to the cell unsurprisingly,was,was,were,1,1,-2.900700092315674,-6.930113315582275,4.029413223266602,2.900700092315674,6.930113315582275,16,1.0157393217086792,0.3929415941238403,0.0377457812428474,0.0596900358796119,20,1,6,6
gpt2-large,16,PP,b,singular,plural,grammatical,The key to the cells unsurprisingly,was,was,were,1,1,-3.0543315410614014,-4.889289855957031,1.8349583148956297,3.0543315410614014,4.889289855957031,16,1.0516879558563232,0.4068484306335449,0.0350292846560478,0.0660337507724762,20,1,6,6
gpt2-large,16,PP,c,singular,singular,ungrammatical,The key to the cell unsurprisingly,were,was,were,1,1,-2.900700092315674,-6.930113315582275,4.029413223266602,2.900700092315674,6.930113315582275,16,1.0211330652236938,0.3950281739234924,0.0429273508489131,0.0560894683003425,20,1,6,6
gpt2-large,16,PP,d,singular,plural,ungrammatical,The key to the cells unsurprisingly,were,was,were,1,1,-3.0543315410614014,-4.889289855957031,1.8349583148956297,3.0543315410614014,4.889289855957031,16,1.0522174835205078,0.4070532917976379,0.0393581390380859,0.0651307553052902,20,1,6,6
gpt2-large,16,PP,e,plural,singular,grammatical,The keys to the cell unsurprisingly,were,were,was,1,1,-2.950702667236328,-5.822549343109131,2.8718466758728027,2.950702667236328,5.822549343109131,16,1.0058139562606812,0.3891019523143768,0.0566996335983276,0.0478893406689167,20,1,6,6
gpt2-large,16,PP,f,plural,plural,grammatical,The keys to the cells unsurprisingly,were,were,was,1,1,-2.9436028003692627,-6.047408103942871,3.1038053035736084,2.9436028003692627,6.047408103942871,16,1.0306353569030762,0.3987041413784027,0.0480047538876533,0.0579335689544677,20,1,6,6
gpt2-large,16,PP,g,plural,singular,ungrammatical,The keys to the cell unsurprisingly,was,were,was,1,1,-2.950702667236328,-5.822549343109131,2.8718466758728027,2.950702667236328,5.822549343109131,16,1.0422651767730713,0.4032031595706939,0.0689152479171752,0.0411037467420101,20,1,6,6
gpt2-large,16,PP,h,plural,plural,ungrammatical,The keys to the cells unsurprisingly,was,were,was,1,1,-2.9436028003692627,-6.047408103942871,3.1038053035736084,2.9436028003692627,6.047408103942871,16,1.0457903146743774,0.4045669138431549,0.0589427128434181,0.0443129539489746,20,1,6,6
gpt2-large,17,PP,a,singular,singular,grammatical,The letter from the investigator allegedly,was,was,were,1,1,-4.803251266479492,-9.309917449951172,4.50666618347168,4.803251266479492,9.309917449951172,16,1.0642210245132446,0.4116968512535095,0.038918137550354,0.0343603156507015,20,1,6,6
gpt2-large,17,PP,b,singular,plural,grammatical,The letter from the investigators allegedly,was,was,were,1,1,-4.98429012298584,-8.383424758911133,3.399134635925293,4.98429012298584,8.383424758911133,16,1.0637325048446655,0.4115079045295715,0.0393363572657108,0.0308592412620782,20,1,6,6
gpt2-large,17,PP,c,singular,singular,ungrammatical,The letter from the investigator allegedly,were,was,were,1,1,-4.803251266479492,-9.309917449951172,4.50666618347168,4.803251266479492,9.309917449951172,16,0.9627288579940796,0.3724343180656433,0.0376305468380451,0.020791471004486,20,1,6,6
gpt2-large,17,PP,d,singular,plural,ungrammatical,The letter from the investigators allegedly,were,was,were,1,1,-4.98429012298584,-8.383424758911133,3.399134635925293,4.98429012298584,8.383424758911133,16,0.9984552264213562,0.386255145072937,0.0350076965987682,0.0353749096393585,20,1,6,6
gpt2-large,17,PP,e,plural,singular,grammatical,The letters from the investigator allegedly,were,were,was,1,1,-4.066248893737793,-7.322101593017578,3.255852699279785,4.066248893737793,7.322101593017578,16,1.0980899333953855,0.4247991442680359,0.0422537177801132,0.0351938679814338,20,1,6,6
gpt2-large,17,PP,f,plural,plural,grammatical,The letters from the investigators allegedly,were,were,was,1,1,-4.1087799072265625,-7.489926338195801,3.3811464309692383,4.1087799072265625,7.489926338195801,16,1.0685198307037354,0.4133597910404205,0.0421097688376903,0.032362200319767,20,1,6,6
gpt2-large,17,PP,g,plural,singular,ungrammatical,The letters from the investigator allegedly,was,were,was,1,1,-4.066248893737793,-7.322101593017578,3.255852699279785,4.066248893737793,7.322101593017578,16,1.0406110286712646,0.4025632739067077,0.0524207130074501,0.0440007373690605,20,1,6,6
gpt2-large,17,PP,h,plural,plural,ungrammatical,The letters from the investigators allegedly,was,were,was,1,1,-4.1087799072265625,-7.489926338195801,3.3811464309692383,4.1087799072265625,7.489926338195801,16,1.026194453239441,0.3969862163066864,0.0564212873578071,0.0318102240562438,20,1,6,6
gpt2-large,18,PP,a,singular,singular,grammatical,The entrance to the exhibit evidently,was,was,were,1,1,-2.455531597137451,-7.196239948272705,4.740708351135254,2.455531597137451,7.196239948272705,16,0.9475151300430298,0.3665488660335541,0.0454645343124866,0.0274242907762527,20,1,6,6
gpt2-large,18,PP,b,singular,plural,grammatical,The entrance to the exhibits evidently,was,was,were,1,1,-2.510791063308716,-4.300037384033203,1.7892463207244873,2.510791063308716,4.300037384033203,16,0.9749223589897156,0.3771514594554901,0.0419483855366706,0.0338164195418357,20,1,6,6
gpt2-large,18,PP,c,singular,singular,ungrammatical,The entrance to the exhibit evidently,were,was,were,1,1,-2.455531597137451,-7.196239948272705,4.740708351135254,2.455531597137451,7.196239948272705,16,0.8208684921264648,0.3175552785396576,0.0407298095524311,0.0182129479944705,20,1,6,6
gpt2-large,18,PP,d,singular,plural,ungrammatical,The entrance to the exhibits evidently,were,was,were,1,1,-2.510791063308716,-4.300037384033203,1.7892463207244873,2.510791063308716,4.300037384033203,16,0.917095959186554,0.3547811508178711,0.0368688888847827,0.0444809906184673,20,1,6,6
gpt2-large,18,PP,e,plural,singular,grammatical,The entrances to the exhibit evidently,were,were,was,1,1,-1.958163857460022,-6.722886562347412,4.76472270488739,1.958163857460022,6.722886562347412,16,0.8988198041915894,0.3477109670639038,0.0452621765434742,0.0224932394921779,20,1,6,6
gpt2-large,18,PP,f,plural,plural,grammatical,The entrances to the exhibits evidently,were,were,was,1,1,-1.782357096672058,-6.731999397277832,4.949642300605774,1.782357096672058,6.731999397277832,16,0.9359025955200196,0.3620565533638,0.0402398779988288,0.0311514995992183,20,1,6,6
gpt2-large,18,PP,g,plural,singular,ungrammatical,The entrances to the exhibit evidently,was,were,was,1,1,-1.958163857460022,-6.722886562347412,4.76472270488739,1.958163857460022,6.722886562347412,16,0.9148090481758118,0.3538964390754699,0.0569609031081199,0.0270462594926357,20,1,6,6
gpt2-large,18,PP,h,plural,plural,ungrammatical,The entrances to the exhibits evidently,was,were,was,1,1,-1.782357096672058,-6.731999397277832,4.949642300605774,1.782357096672058,6.731999397277832,16,0.9141228795051576,0.3536309599876404,0.0568256564438343,0.026185343042016,20,1,6,6
gpt2-large,19,PP,a,singular,singular,grammatical,The warning from the expert unsurprisingly,was,was,were,1,1,-3.9270849227905273,-9.201631546020508,5.2745466232299805,3.9270849227905273,9.201631546020508,16,1.006664514541626,0.3894309401512146,0.041123766452074,0.0437622740864753,20,1,6,6
gpt2-large,19,PP,b,singular,plural,grammatical,The warning from the experts unsurprisingly,was,was,were,1,1,-3.9374823570251465,-8.114989280700684,4.177506923675537,3.9374823570251465,8.114989280700684,16,0.995230197906494,0.3850076198577881,0.0381478928029537,0.0539332702755928,20,1,6,6
gpt2-large,19,PP,c,singular,singular,ungrammatical,The warning from the expert unsurprisingly,were,was,were,1,1,-3.9270849227905273,-9.201631546020508,5.2745466232299805,3.9270849227905273,9.201631546020508,16,0.9662758708000184,0.3738065361976623,0.0352873653173446,0.028721559792757,20,1,6,6
gpt2-large,19,PP,d,singular,plural,ungrammatical,The warning from the experts unsurprisingly,were,was,were,1,1,-3.9374823570251465,-8.114989280700684,4.177506923675537,3.9374823570251465,8.114989280700684,16,0.970789074897766,0.3755524754524231,0.031547725200653,0.0615399591624736,20,1,6,6
gpt2-large,19,PP,e,plural,singular,grammatical,The warnings from the expert unsurprisingly,were,were,was,1,1,-3.942018508911133,-7.411354064941406,3.469335556030273,3.942018508911133,7.411354064941406,16,1.0549776554107666,0.4081210494041443,0.040343802422285,0.0375169850885868,20,1,6,6
gpt2-large,19,PP,f,plural,plural,grammatical,The warnings from the experts unsurprisingly,were,were,was,1,1,-3.818526029586792,-7.292311668395996,3.473785638809204,3.818526029586792,7.292311668395996,16,1.0355894565582275,0.4006207585334778,0.0380359403789043,0.0480640344321727,20,1,6,6
gpt2-large,19,PP,g,plural,singular,ungrammatical,The warnings from the expert unsurprisingly,was,were,was,1,1,-3.942018508911133,-7.411354064941406,3.469335556030273,3.942018508911133,7.411354064941406,16,1.0890637636184692,0.4213073849678039,0.0565746836364269,0.0412425473332405,20,1,6,6
gpt2-large,19,PP,h,plural,plural,ungrammatical,The warnings from the experts unsurprisingly,was,were,was,1,1,-3.818526029586792,-7.292311668395996,3.473785638809204,3.818526029586792,7.292311668395996,16,1.0749859809875488,0.4158613085746765,0.0507086925208568,0.0453648641705513,20,1,6,6
gpt2-large,20,PP,a,singular,singular,grammatical,The bridge to the island apparently,was,was,were,1,1,-2.505480527877808,-8.147233963012695,5.641753435134888,2.505480527877808,8.147233963012695,16,0.9935431480407716,0.3843549489974975,0.0436352714896202,0.0333087369799613,20,1,6,6
gpt2-large,20,PP,b,singular,plural,grammatical,The bridge to the islands apparently,was,was,were,1,1,-2.5690178871154785,-7.406149864196777,4.837131977081299,2.5690178871154785,7.406149864196777,16,0.9847858548164368,0.3809671700000763,0.0410944297909736,0.036573227494955,20,1,6,6
gpt2-large,20,PP,c,singular,singular,ungrammatical,The bridge to the island apparently,were,was,were,1,1,-2.505480527877808,-8.147233963012695,5.641753435134888,2.505480527877808,8.147233963012695,16,0.8661453127861023,0.3350707292556762,0.0434036925435066,0.0259960647672414,20,1,6,6
gpt2-large,20,PP,d,singular,plural,ungrammatical,The bridge to the islands apparently,were,was,were,1,1,-2.5690178871154785,-7.406149864196777,4.837131977081299,2.5690178871154785,7.406149864196777,16,0.9376659393310548,0.362738698720932,0.0421319864690303,0.0381558910012245,20,1,6,6
gpt2-large,20,PP,e,plural,singular,grammatical,The bridges to the island apparently,were,were,was,1,1,-1.8316818475723269,-6.712462425231934,4.880780577659607,1.8316818475723269,6.712462425231934,16,0.9694327116012572,0.3750277757644653,0.0351735241711139,0.0331081748008728,20,1,6,6
gpt2-large,20,PP,f,plural,plural,grammatical,The bridges to the islands apparently,were,were,was,1,1,-1.9757269620895384,-6.724594593048096,4.748867630958557,1.9757269620895384,6.724594593048096,16,1.0031142234802246,0.3880575597286224,0.0344355478882789,0.0387895330786705,20,1,6,6
gpt2-large,20,PP,g,plural,singular,ungrammatical,The bridges to the island apparently,was,were,was,1,1,-1.8316818475723269,-6.712462425231934,4.880780577659607,1.8316818475723269,6.712462425231934,16,0.9537796974182128,0.3689723014831543,0.0493236556649208,0.029615644365549,20,1,6,6
gpt2-large,20,PP,h,plural,plural,ungrammatical,The bridges to the islands apparently,was,were,was,1,1,-1.9757269620895384,-6.724594593048096,4.748867630958557,1.9757269620895384,6.724594593048096,16,0.9336012005805968,0.36116623878479,0.0478800423443317,0.0291877444833517,20,1,6,6
gpt2-large,21,PP,a,singular,singular,grammatical,The gift from the visitor apparently,was,was,were,1,1,-2.543483018875122,-8.554052352905273,6.010569334030151,2.543483018875122,8.554052352905273,16,1.067044973373413,0.4127893447875976,0.0466565862298011,0.0381930135190486,20,1,6,6
gpt2-large,21,PP,b,singular,plural,grammatical,The gift from the visitors apparently,was,was,were,1,1,-2.61639142036438,-7.698153495788574,5.081762075424194,2.61639142036438,7.698153495788574,16,1.0394079685211182,0.4020978510379791,0.0473801083862781,0.0311604402959346,20,1,6,6
gpt2-large,21,PP,c,singular,singular,ungrammatical,The gift from the visitor apparently,were,was,were,1,1,-2.543483018875122,-8.554052352905273,6.010569334030151,2.543483018875122,8.554052352905273,16,0.9908196330070496,0.383301317691803,0.0595916211605072,0.0243284329771995,20,1,6,6
gpt2-large,21,PP,d,singular,plural,ungrammatical,The gift from the visitors apparently,were,was,were,1,1,-2.61639142036438,-7.698153495788574,5.081762075424194,2.61639142036438,7.698153495788574,16,1.008374571800232,0.3900925517082214,0.0554679259657859,0.0383090749382972,20,1,6,6
gpt2-large,21,PP,e,plural,singular,grammatical,The gifts from the visitor apparently,were,were,was,1,1,-2.76763129234314,-6.216507911682129,3.4488766193389893,2.76763129234314,6.216507911682129,16,1.1132152080535889,0.4306504130363464,0.0461585782468318,0.0398407131433486,20,1,6,6
gpt2-large,21,PP,f,plural,plural,grammatical,The gifts from the visitors apparently,were,were,was,1,1,-2.8447670936584477,-6.26697301864624,3.422205924987793,2.8447670936584477,6.26697301864624,16,1.1126887798309326,0.4304467737674713,0.045378815382719,0.0399300530552864,20,1,6,6
gpt2-large,21,PP,g,plural,singular,ungrammatical,The gifts from the visitor apparently,was,were,was,1,1,-2.76763129234314,-6.216507911682129,3.4488766193389893,2.76763129234314,6.216507911682129,16,1.1179003715515137,0.4324629306793213,0.0696198344230651,0.0418904349207878,20,1,6,6
gpt2-large,21,PP,h,plural,plural,ungrammatical,The gifts from the visitors apparently,was,were,was,1,1,-2.8447670936584477,-6.26697301864624,3.422205924987793,2.8447670936584477,6.26697301864624,16,1.1110994815826416,0.4298319816589355,0.0735056772828102,0.0368751920759677,20,1,6,6
gpt2-large,22,PP,a,singular,singular,grammatical,The path to the monument happily,was,was,were,1,1,-5.563498973846436,-9.755613327026367,4.192114353179932,5.563498973846436,9.755613327026367,16,0.977825164794922,0.3782743513584137,0.0387524552643299,0.0310515202581882,20,1,6,6
gpt2-large,22,PP,b,singular,plural,grammatical,The path to the monuments happily,was,was,were,1,1,-5.509712219238281,-9.035432815551758,3.525720596313477,5.509712219238281,9.035432815551758,16,0.9770066142082214,0.3779577612876892,0.0353616178035736,0.0353719405829906,20,1,6,6
gpt2-large,22,PP,c,singular,singular,ungrammatical,The path to the monument happily,were,was,were,1,1,-5.563498973846436,-9.755613327026367,4.192114353179932,5.563498973846436,9.755613327026367,16,0.9651132822036744,0.3733567595481872,0.0437464043498039,0.0272904988378286,20,1,6,6
gpt2-large,22,PP,d,singular,plural,ungrammatical,The path to the monuments happily,were,was,were,1,1,-5.509712219238281,-9.035432815551758,3.525720596313477,5.509712219238281,9.035432815551758,16,0.9904962778091432,0.3831762671470642,0.0418066717684268,0.0294517688453197,20,1,6,6
gpt2-large,22,PP,e,plural,singular,grammatical,The paths to the monument happily,were,were,was,1,1,-5.545076370239258,-8.665487289428711,3.120410919189453,5.545076370239258,8.665487289428711,16,0.9464705586433412,0.3661448061466217,0.0357488170266151,0.0299483332782983,20,1,6,6
gpt2-large,22,PP,f,plural,plural,grammatical,The paths to the monuments happily,were,were,was,1,1,-5.463161468505859,-8.733677864074707,3.270516395568848,5.463161468505859,8.733677864074707,16,0.9463165998458862,0.3660851716995239,0.0328173637390136,0.0316041484475135,20,1,6,6
gpt2-large,22,PP,g,plural,singular,ungrammatical,The paths to the monument happily,was,were,was,1,1,-5.545076370239258,-8.665487289428711,3.120410919189453,5.545076370239258,8.665487289428711,16,0.9921949505805968,0.3838333785533905,0.0459148064255714,0.0261489804834127,20,1,6,6
gpt2-large,22,PP,h,plural,plural,ungrammatical,The paths to the monuments happily,was,were,was,1,1,-5.463161468505859,-8.733677864074707,3.270516395568848,5.463161468505859,8.733677864074707,16,0.9704655408859252,0.3754273056983948,0.0428487285971641,0.0293455012142658,20,1,6,6
gpt2-large,23,PP,a,singular,singular,grammatical,The message from the engineer regrettably,was,was,were,1,1,-2.641082286834717,-7.830554485321045,5.189472198486328,2.641082286834717,7.830554485321045,16,1.0933860540390017,0.3894720077514648,0.0439507402479648,0.0608862116932868,20,1,7,7
gpt2-large,23,PP,b,singular,plural,grammatical,The message from the engineers regrettably,was,was,were,1,1,-2.4865269660949707,-7.347872257232666,4.861345291137695,2.4865269660949707,7.347872257232666,16,1.0648260116577148,0.3792986273765564,0.0383936427533626,0.0618609860539436,20,1,7,7
gpt2-large,23,PP,c,singular,singular,ungrammatical,The message from the engineer regrettably,were,was,were,1,1,-2.641082286834717,-7.830554485321045,5.189472198486328,2.641082286834717,7.830554485321045,16,1.167539119720459,0.4158858358860016,0.0533171072602272,0.0220894627273082,20,1,7,7
gpt2-large,23,PP,d,singular,plural,ungrammatical,The message from the engineers regrettably,were,was,were,1,1,-2.4865269660949707,-7.347872257232666,4.861345291137695,2.4865269660949707,7.347872257232666,16,1.0936321020126345,0.3895596265792846,0.0448143891990184,0.0520582422614097,20,1,7,7
gpt2-large,23,PP,e,plural,singular,grammatical,The messages from the engineer regrettably,were,were,was,1,1,-3.330557346343994,-6.757523536682129,3.4269661903381348,3.330557346343994,6.757523536682129,16,1.2160508632659912,0.4331660270690918,0.0443948432803154,0.0340479239821434,20,1,7,7
gpt2-large,23,PP,f,plural,plural,grammatical,The messages from the engineers regrettably,were,were,was,1,1,-3.4366822242736816,-6.867744445800781,3.4310622215271,3.4366822242736816,6.867744445800781,16,1.1737127304077148,0.4180848598480224,0.0404605381190776,0.0339244715869426,20,1,7,7
gpt2-large,23,PP,g,plural,singular,ungrammatical,The messages from the engineer regrettably,was,were,was,1,1,-3.330557346343994,-6.757523536682129,3.4269661903381348,3.330557346343994,6.757523536682129,16,1.2036612033843994,0.4287527203559875,0.0757654160261154,0.0584821924567222,20,1,7,7
gpt2-large,23,PP,h,plural,plural,ungrammatical,The messages from the engineers regrettably,was,were,was,1,1,-3.4366822242736816,-6.867744445800781,3.4310622215271,3.4366822242736816,6.867744445800781,16,1.2297210693359375,0.4380355477333069,0.0751668661832809,0.038231324404478,20,1,7,7
gpt2-large,24,PP,a,singular,singular,grammatical,The gate to the pasture evidently,was,was,were,1,1,-1.8683791160583496,-7.756897449493408,5.888518333435059,1.8683791160583496,7.756897449493408,16,1.0102884769439695,0.3908329010009765,0.0398080870509147,0.0299354307353496,20,1,6,6
gpt2-large,24,PP,b,singular,plural,grammatical,The gate to the pastures evidently,was,was,were,1,1,-2.2338409423828125,-6.9619669914245605,4.728126049041748,2.2338409423828125,6.9619669914245605,16,1.068592548370361,0.3806403279304504,0.0335750356316566,0.0588589087128639,20,1,7,7
gpt2-large,24,PP,c,singular,singular,ungrammatical,The gate to the pasture evidently,were,was,were,1,1,-1.8683791160583496,-7.756897449493408,5.888518333435059,1.8683791160583496,7.756897449493408,16,0.8892866373062134,0.344023048877716,0.0368603579699993,0.019301351159811,20,1,6,6
gpt2-large,24,PP,d,singular,plural,ungrammatical,The gate to the pastures evidently,were,was,were,1,1,-2.2338409423828125,-6.9619669914245605,4.728126049041748,2.2338409423828125,6.9619669914245605,16,1.0762629508972168,0.3833726048469543,0.0331420302391052,0.0526791140437126,20,1,7,7
gpt2-large,24,PP,e,plural,singular,grammatical,The gates to the pasture evidently,were,were,was,1,1,-1.8316987752914429,-6.087952136993408,4.256253361701965,1.8316987752914429,6.087952136993408,16,0.93059241771698,0.3600022494792938,0.0304850488901138,0.0246219579130411,20,1,6,6
gpt2-large,24,PP,f,plural,plural,grammatical,The gates to the pastures evidently,were,were,was,1,1,-2.099204540252685,-6.502314567565918,4.403110027313232,2.099204540252685,6.502314567565918,16,1.036806344985962,0.3693178594112396,0.0248542819172143,0.053284116089344,20,1,7,7
gpt2-large,24,PP,g,plural,singular,ungrammatical,The gates to the pasture evidently,was,were,was,1,1,-1.8316987752914429,-6.087952136993408,4.256253361701965,1.8316987752914429,6.087952136993408,16,0.973957359790802,0.3767781257629394,0.0415304340422153,0.0276511050760746,20,1,6,6
gpt2-large,24,PP,h,plural,plural,ungrammatical,The gates to the pastures evidently,was,were,was,1,1,-2.099204540252685,-6.502314567565918,4.403110027313232,2.099204540252685,6.502314567565918,16,1.0363187789916992,0.3691442012786865,0.0358890816569328,0.0508074760437011,20,1,7,7
